代號,名稱,收盤價,月平均價
1101,台泥,34.7,35.75,
1102,亞泥,32.55,33.29,
1103,嘉泥,13.0,12.4,
1104,環泥,19.15,19.11,
1108,幸福,7.25,7.22,
1109,信大,14.85,14.05,
1110,東泥,14.0,13.86,
1201,味全,21.0,20.51,
1203,味王,25.25,25.51,
1210,大成,31.6,31.15,
1213,大飲,9.8,9.96,
1215,卜蜂,44.3,44.07,
1216,統一,73.8,74.75,
1217,愛之味,6.85,6.81,
1218,泰山,16.2,15.93,
1219,福壽,18.3,18.26,
1220,台榮,11.6,11.8,
1225,福懋油,--,74.97,
1227,佳格,49.7,47.47,
1229,聯華,30.05,30.72,
1231,聯華食,35.15,34.35,
1232,大統益,99.0,98.31,
1233,天仁,37.1,37.12,
1234,黑松,28.7,28.2,
1235,興泰,27.6,35.19,
1236,宏亞,13.4,13.65,
1256,鮮活果汁-KY,137.0,140.12,
1262,綠悅-KY,36.1,36.09,
1301,台塑,100.5,101.22,
1303,南亞,76.5,77.38,
1304,台聚,12.55,12.51,
1305,華夏,20.3,20.0,
1307,三芳,22.4,22.82,
1308,亞聚,13.75,14.04,
1309,台達化,10.35,10.74,
1310,台苯,24.65,23.59,
1312,國喬,22.65,22.31,
1313,聯成,11.65,11.65,
1314,中石化,11.2,11.27,
1315,達新,25.8,25.77,
1316,上曜,13.2,16.19,
1319,東陽,40.0,37.45,
1321,大洋,25.75,25.79,
1323,永裕,34.9,34.0,
1324,地球,10.65,10.96,
1325,恆大,16.65,16.89,
1326,台化,107.0,108.29,
1337,再生-KY,7.29,6.53,
1338,廣華-KY,69.0,72.09,
1339,昭輝,34.4,34.14,
1340,勝悅-KY,18.95,19.86,
1402,遠東新,28.45,30.5,
1409,新纖,11.3,11.02,
1410,南染,22.9,23.07,
1413,宏洲,11.4,11.76,
1414,東和,7.05,7.06,
1416,廣豐,13.85,13.85,
1417,嘉裕,4.45,4.45,
1418,東華,--,7.85,
1419,新紡,--,41.32,
1423,利華,10.25,10.51,
1432,大魯閣,8.04,8.08,
1434,福懋,34.0,34.02,
1435,中福,5.49,5.38,
1436,華友聯,37.25,37.49,
1437,勤益控,17.6,17.64,
1438,裕豐,7.12,7.33,
1439,中和,33.6,32.68,
1440,南紡,12.4,12.32,
1441,大東,13.1,12.0,
1442,名軒,15.45,15.56,
1443,立益,6.85,6.92,
1444,力麗,10.0,9.72,
1445,大宇,8.01,7.84,
1446,宏和,23.8,23.69,
1447,力鵬,8.14,8.15,
1449,佳和,4.84,4.71,
1451,年興,25.05,24.17,
1452,宏益,17.15,16.91,
1453,大將,8.75,8.61,
1454,台富,8.32,8.08,
1455,集盛,9.11,9.15,
1456,怡華,6.94,6.78,
1457,宜進,12.2,12.29,
1459,聯發,8.12,8.12,
1460,宏遠,11.95,12.03,
1463,強盛,12.95,12.58,
1464,得力,19.25,19.68,
1465,偉全,14.3,14.08,
1466,聚隆,9.8,9.99,
1467,南緯,9.94,9.47,
1468,昶和,10.15,10.13,
1470,大統新創,17.5,17.94,
1471,首利,4.45,4.32,
1472,三洋紡,20.25,22.12,
1473,台南,17.6,17.49,
1474,弘裕,10.6,10.59,
1475,本盟,10.7,9.38,
1476,儒鴻,374.0,381.97,
1477,聚陽,178.0,169.62,
1503,士電,40.4,40.29,
1504,東元,16.95,17.56,
1506,正道,20.95,21.45,
1507,永大,58.3,58.08,
1512,瑞利,8.3,8.73,
1513,中興電,20.2,20.4,
1514,亞力,13.3,12.65,
1515,力山,54.5,54.81,
1516,川飛,16.0,16.44,
1517,利奇,9.67,9.59,
1519,華城,19.05,18.61,
1521,大億,55.5,57.41,
1522,堤維西,22.5,23.54,
1524,耿鼎,9.68,9.74,
1525,江申,54.5,52.88,
1526,日馳,34.8,27.95,
1527,鑽全,45.9,44.64,
1528,恩德,9.95,10.05,
1529,樂士,2.76,2.76,
1530,亞崴,29.9,29.91,
1531,高林股,15.9,16.13,
1532,勤美,30.65,30.66,
1533,車王電,36.6,32.0,
1535,中宇,30.4,30.07,
1536,和大,120.5,127.24,
1537,廣隆,144.0,145.41,
1538,正峰新,5.12,5.09,
1539,巨庭,21.6,22.9,
1540,喬福,15.6,15.54,
1541,錩泰,--,29.05,
1558,伸興,140.5,142.03,
1560,中砂,52.4,53.39,
1568,倉佑,18.4,18.29,
1582,信錦,67.4,66.3,
1583,程泰,50.0,50.4,
1587,吉茂,19.3,19.25,
1589,永冠-KY,45.4,44.52,
1590,亞德客-KY,288.0,292.29,
1592,英瑞-KY,23.15,22.96,
1598,岱宇,29.6,28.51,
1603,華電,23.8,24.06,
1604,聲寶,12.5,12.34,
1605,華新,16.8,16.94,
1608,華榮,9.6,9.22,
1609,大亞,11.0,11.2,
1611,中電,8.79,8.75,
1612,宏泰,9.36,9.34,
1614,三洋電,22.25,22.33,
1615,大山,15.75,15.27,
1616,億泰,4.47,4.42,
1617,榮星,12.75,12.49,
1618,合機,8.89,8.73,
1626,艾美特-KY,12.8,12.58,
1701,中化,18.25,18.31,
1702,南僑,45.45,45.9,
1704,榮化,52.5,52.15,
1707,葡萄王,187.0,190.18,
1708,東鹼,24.6,24.24,
1709,和益,16.2,16.46,
1710,東聯,25.5,26.46,
1711,永光,16.0,16.0,
1712,興農,16.75,16.87,
1713,國化,17.9,17.19,
1714,和桐,6.53,6.75,
1717,長興,23.6,23.61,
1718,中纖,9.71,9.84,
1720,生達,30.0,29.85,
1721,三晃,9.46,9.16,
1722,台肥,43.15,43.15,
1723,中碳,127.5,127.29,
1724,台硝,13.0,12.98,
1725,元禎,14.3,14.06,
1726,永記,74.0,74.49,
1727,中華化,14.1,14.15,
1730,花仙子,52.4,50.89,
1731,美吾華,12.3,12.29,
1732,毛寶,9.5,9.64,
1733,五鼎,27.8,27.5,
1734,杏輝,19.4,19.27,
1735,日勝化,14.9,14.32,
1736,喬山,32.8,32.7,
1737,臺鹽,29.8,29.7,
1760,寶齡富錦,63.0,65.38,
1762,中化生,22.25,21.43,
1773,勝一,84.7,82.25,
1776,展宇,--,15.98,
1783,和康生,20.5,20.76,
1786,科妍,60.0,58.84,
1789,神隆,26.7,24.19,
1802,台玻,13.4,13.54,
1805,寶徠,9.21,9.31,
1806,冠軍,7.07,7.05,
1808,潤隆,55.8,55.74,
1809,中釉,10.95,10.91,
1810,和成,7.9,7.94,
1817,凱撒衛,35.65,36.1,
1902,台紙,17.35,17.52,
1903,士紙,29.95,30.02,
1904,正隆,20.9,21.01,
1905,華紙,9.17,9.14,
1906,寶隆,14.9,14.92,
1907,永豐餘,11.45,11.46,
1909,榮成,16.35,16.24,
2002,中鋼,23.85,24.25,
2006,東和鋼鐵,20.75,20.89,
2007,燁興,4.95,4.87,
2008,高興昌,12.35,12.39,
2009,第一銅,9.3,9.21,
2010,春源,10.0,10.07,
2012,春雨,19.95,19.87,
2013,中鋼構,26.7,27.17,
2014,中鴻,11.3,11.58,
2015,豐興,58.7,59.45,
2017,官田鋼,8.17,8.25,
2020,美亞,14.4,14.24,
2022,聚亨,6.75,6.55,
2023,燁輝,9.95,9.68,
2024,志聯,9.42,9.45,
2027,大成鋼,42.95,44.67,
2028,威致,7.45,7.68,
2029,盛餘,19.4,19.56,
2030,彰源,13.05,12.72,
2031,新光鋼,32.3,33.47,
2032,新鋼,9.0,9.0,
2033,佳大,9.63,9.8,
2034,允強,24.55,24.78,
2038,海光,8.15,8.58,
2049,上銀,219.5,220.29,
2059,川湖,325.5,327.82,
2062,橋椿,33.9,32.76,
2069,運錩,23.6,23.28,
2101,南港,26.15,26.95,
2102,泰豐,11.05,11.01,
2103,台橡,27.0,28.43,
2104,中橡,38.85,37.54,
2105,正新,39.95,41.18,
2106,建大,29.6,29.47,
2107,厚生,14.95,14.72,
2108,南帝,28.25,29.15,
2109,華豐,11.45,11.98,
2114,鑫永銓,78.0,78.65,
2115,六暉-KY,29.8,29.06,
2201,裕隆,17.75,18.07,
2204,中華,23.45,23.43,
2206,三陽工業,19.65,19.62,
2207,和泰車,224.5,219.38,
2208,台船,32.0,32.69,
2227,裕日車,220.0,220.03,
2228,劍麟,72.0,69.78,
2231,為升,231.0,203.76,
2236,百達-KY,28.65,27.59,
2239,英利-KY,116.5,114.97,
2243,宏旭-KY,19.4,18.68,
2301,光寶科,38.0,38.17,
2302,麗正,6.64,6.72,
2303,聯電,11.15,11.03,
2305,全友,6.14,6.17,
2308,台達電,120.0,127.44,
2312,金寶,9.41,9.43,
2313,華通,19.05,19.37,
2314,台揚,19.8,18.15,
2316,楠梓電,15.15,15.27,
2317,鴻海,70.0,75.06,
2321,東訊,3.15,3.54,
2323,中環,6.68,6.22,
2324,仁寶,17.5,17.52,
2327,國巨,319.0,323.71,
2328,廣宇,19.0,18.75,
2330,台積電,218.5,228.47,
2331,精英,12.0,12.89,
2332,友訊,10.6,10.4,
2337,旺宏,18.85,18.96,
2338,光罩,18.25,20.79,
2340,光磊,16.95,16.82,
2342,茂矽,23.8,24.39,
2344,華邦電,14.0,13.75,
2345,智邦,92.5,92.31,
2347,聯強,33.45,33.85,
2348,海悅,44.85,48.54,
2349,錸德,10.15,10.58,
2351,順德,66.6,69.1,
2352,佳世達,18.2,18.34,
2353,宏碁,19.05,20.56,
2354,鴻準,60.9,64.27,
2355,敬鵬,37.4,36.6,
2356,英業達,22.0,24.04,
2357,華碩,216.5,224.62,
2358,廷鑫,16.35,16.38,
2359,所羅門,16.8,16.91,
2360,致茂,112.0,116.56,
2362,藍天,27.55,26.17,
2363,矽統,8.8,8.21,
2364,倫飛,3.08,3.26,
2365,昆盈,8.62,8.44,
2367,燿華,13.6,13.37,
2368,金像電,12.4,11.51,
2369,菱生,8.8,8.69,
2371,大同,39.05,39.15,
2373,震旦行,94.4,94.92,
2374,佳能,12.85,12.49,
2375,智寶,28.5,29.57,
2376,技嘉,38.05,40.08,
2377,微星,66.6,70.38,
2379,瑞昱,125.5,126.85,
2380,虹光,4.4,4.31,
2382,廣達,48.9,49.3,
2383,台光電,69.0,70.33,
2385,群光,60.6,60.63,
2388,威盛,25.85,23.36,
2390,云辰,10.5,11.0,
2392,正崴,24.15,22.61,
2393,億光,28.85,28.06,
2395,研華,221.0,224.71,
2397,友通,65.2,59.69,
2399,映泰,9.32,9.84,
2401,凌陽,11.1,10.8,
2402,毅嘉,14.05,14.52,
2404,漢唐,63.9,58.98,
2405,浩鑫,11.6,11.15,
2406,國碩,7.91,7.77,
2408,南亞科,56.1,55.62,
2409,友達,12.5,12.28,
2412,中華電,108.0,106.76,
2413,環科,20.05,19.73,
2414,精技,18.95,18.86,
2415,錩新,20.1,20.9,
2417,圓剛,9.82,10.1,
2419,仲琦,19.0,19.05,
2420,新巨,31.2,30.15,
2421,建準,35.0,34.7,
2423,固緯,21.95,21.74,
2424,隴華,32.0,30.86,
2425,承啟,26.7,30.07,
2426,鼎元,16.1,16.22,
2427,三商電,11.3,11.37,
2428,興勤,75.2,69.49,
2429,銘旺科,9.79,9.95,
2430,燦坤,19.5,19.41,
2431,聯昌,8.72,8.48,
2433,互盛電,41.7,40.77,
2434,統懋,9.3,9.66,
2436,偉詮電,23.8,22.98,
2438,翔耀,6.11,6.29,
2439,美律,120.0,126.62,
2440,太空梭,7.95,7.76,
2441,超豐,40.4,40.81,
2442,新美齊,13.3,13.5,
2443,新利虹,4.74,4.99,
2444,兆勁,17.65,15.9,
2448,晶電,24.1,25.24,
2449,京元電子,20.25,19.61,
2450,神腦,34.4,34.95,
2451,創見,69.9,68.35,
2453,凌群,11.2,11.33,
2454,聯發科,222.0,227.79,
2455,全新,54.2,56.34,
2456,奇力新,79.2,79.95,
2457,飛宏,9.47,8.73,
2458,義隆,63.2,64.64,
2459,敦吉,36.0,35.74,
2460,建通,9.76,9.64,
2461,光群雷,12.5,12.34,
2462,良得電,26.45,26.22,
2464,盟立,41.55,40.29,
2465,麗臺,10.0,10.5,
2466,冠西電,30.0,29.84,
2467,志聖,25.2,25.23,
2468,華經,11.2,12.04,
2471,資通,14.35,14.37,
2472,立隆電,42.0,43.66,
2474,可成,241.0,265.18,
2475,華映,1.32,1.38,
2476,鉅祥,23.45,23.34,
2477,美隆電,20.0,20.3,
2478,大毅,50.8,50.46,
2480,敦陽科,37.5,37.55,
2481,強茂,23.45,24.71,
2482,連宇,11.6,11.53,
2483,百容,17.45,17.55,
2484,希華,16.55,16.54,
2485,兆赫,16.0,17.12,
2486,一詮,8.96,9.0,
2488,漢平,29.2,31.02,
2489,瑞軒,11.7,11.97,
2491,吉祥全,4.87,4.9,
2492,華新科,162.0,158.91,
2493,揚博,24.45,24.16,
2495,普安,11.3,11.09,
2496,卓越,79.1,80.11,
2497,怡利電,13.6,13.33,
2498,宏達電,41.9,40.11,
2499,東貝,8.88,8.73,
2501,國建,19.3,19.45,
2504,國產,8.37,8.35,
2505,國揚,12.1,11.71,
2506,太設,11.3,11.44,
2509,全坤建,27.95,28.77,
2511,太子,10.25,10.22,
2514,龍邦,16.9,15.72,
2515,中工,7.26,7.14,
2516,新建,6.37,6.31,
2520,冠德,17.75,17.32,
2524,京城,22.85,20.27,
2527,宏璟,22.35,24.32,
2528,皇普,13.9,13.82,
2530,華建,15.8,15.88,
2534,宏盛,26.65,26.73,
2535,達欣工,19.3,19.18,
2536,宏普,19.5,19.81,
2537,聯上發,6.4,6.37,
2538,基泰,12.55,12.41,
2539,櫻花建,27.15,27.19,
2540,愛山林,23.4,23.82,
2542,興富發,45.9,46.27,
2543,皇昌,7.89,7.9,
2545,皇翔,23.45,24.31,
2546,根基,25.15,24.58,
2547,日勝生,15.9,15.91,
2548,華固,65.5,65.06,
2597,潤弘,44.8,42.33,
2601,益航,10.45,10.65,
2603,長榮,11.45,11.48,
2605,新興,15.25,15.33,
2606,裕民,29.7,30.36,
2607,榮運,12.9,12.84,
2608,嘉里大榮,37.15,37.31,
2609,陽明,8.44,8.4,
2610,華航,10.05,9.9,
2611,志信,6.79,6.65,
2612,中航,28.35,28.55,
2613,中櫃,11.6,11.77,
2614,東森,13.6,13.76,
2615,萬海,15.3,15.34,
2616,山隆,28.9,28.96,
2617,台航,18.35,18.97,
2618,長榮航,14.65,14.56,
2630,亞航,20.6,19.91,
2633,台灣高鐵,31.85,31.52,
2634,漢翔,29.35,28.84,
2636,台驊投控,24.25,24.75,
2637,慧洋-KY,28.35,28.62,
2642,宅配通,21.4,21.86,
2701,萬企,12.7,12.59,
2702,華園,17.75,17.14,
2704,國賓,22.7,22.55,
2705,六福,5.61,5.66,
2706,第一店,14.0,13.95,
2707,晶華,139.5,138.82,
2712,遠雄來,34.9,33.78,
2722,夏都,--,28.83,
2723,美食-KY,209.0,210.65,
2727,王品,79.2,81.44,
2731,雄獅,83.8,82.5,
2739,寒舍,29.35,29.51,
2748,雲品,61.0,62.73,
2801,彰銀,17.85,17.8,
2809,京城銀,31.65,30.81,
2812,台中銀,10.15,10.25,
2816,旺旺保,18.8,18.66,
2820,華票,13.45,13.46,
2823,中壽,29.3,29.76,
2832,台產,19.9,20.02,
2834,臺企銀,10.45,10.53,
2836,高雄銀,9.12,9.06,
2838,聯邦銀,9.87,9.9,
2841,台開,7.83,7.92,
2845,遠東銀,10.1,10.11,
2849,安泰銀,12.7,12.76,
2850,新產,36.05,36.07,
2851,中再保,17.0,16.96,
2852,第一保,14.65,14.27,
2855,統一證,12.55,12.72,
2867,三商壽,13.2,13.64,
2880,華南金,17.6,17.64,
2881,富邦金,50.1,50.44,
2882,國泰金,49.95,50.23,
2883,開發金,10.0,10.02,
2884,玉山金,20.75,21.03,
2885,元大金,15.35,15.48,
2886,兆豐金,26.25,26.37,
2887,台新金,13.5,13.8,
2888,新光金,10.1,10.24,
2889,國票金,9.87,9.94,
2890,永豐金,10.7,10.61,
2891,中信金,20.5,20.88,
2892,第一金,20.3,20.14,
2897,王道銀行,8.11,8.12,
2901,欣欣,24.25,24.32,
2903,遠百,15.25,15.47,
2904,匯僑,19.85,19.67,
2905,三商,19.35,20.05,
2906,高林,9.88,9.51,
2908,特力,22.2,22.42,
2910,統領,27.2,26.53,
2911,麗嬰房,9.59,9.26,
2912,統一超,319.5,323.71,
2913,農林,17.3,16.79,
2915,潤泰全,81.2,80.36,
2923,鼎固-KY,17.0,17.07,
2929,淘帝-KY,94.4,94.11,
2936,客思達-KY,27.25,28.52,
2939,凱羿-KY,109.0,112.94,
3002,歐格,9.97,10.1,
3003,健和興,38.0,39.6,
3004,豐達科,57.1,57.74,
3005,神基,36.9,37.63,
3006,晶豪科,30.15,30.67,
3008,大立光,3310.0,3248.24,
3010,華立,50.2,50.62,
3011,今皓,7.78,7.36,
3013,晟銘電,14.75,14.57,
3014,聯陽,31.4,31.45,
3015,全漢,18.3,17.99,
3016,嘉晶,43.75,37.44,
3017,奇鋐,21.25,21.41,
3018,同開,27.75,27.81,
3019,亞光,64.4,61.94,
3021,鴻名,13.65,13.41,
3022,威強電,32.4,32.55,
3023,信邦,79.0,84.53,
3024,憶聲,6.15,6.1,
3025,星通,19.45,18.49,
3026,禾伸堂,110.5,106.61,
3027,盛達,8.42,8.28,
3028,增你強,20.5,20.61,
3029,零壹,19.6,19.86,
3030,德律,44.2,44.41,
3031,佰鴻,10.4,10.41,
3032,偉訓,26.6,25.49,
3033,威健,19.0,19.24,
3034,聯詠,126.0,130.97,
3035,智原,36.0,34.11,
3036,文曄,39.6,39.92,
3037,欣興,18.7,17.46,
3038,全台,9.27,9.2,
3040,遠見,31.1,31.25,
3041,揚智,10.3,10.22,
3042,晶技,32.75,32.17,
3043,科風,2.1,2.04,
3044,健鼎,81.1,79.97,
3045,台灣大,110.0,109.5,
3046,建碁,19.65,18.78,
3047,訊舟,9.47,8.7,
3048,益登,12.2,12.4,
3049,和鑫,7.97,7.29,
3050,鈺德,9.5,9.47,
3051,力特,3.08,3.06,
3052,夆典,8.8,8.9,
3054,立萬利,22.7,22.92,
3055,蔚華科,26.95,26.66,
3056,總太,16.35,16.31,
3057,喬鼎,7.99,8.16,
3058,立德,7.21,7.05,
3059,華晶科,24.95,24.62,
3060,銘異,14.7,14.75,
3062,建漢,14.4,13.05,
3090,日電貿,51.6,51.59,
3094,聯傑,15.8,15.87,
3130,一零四,--,154.86,
3149,正達,9.53,9.93,
3164,景岳,26.3,25.31,
3167,大量,42.6,41.41,
3189,景碩,41.0,42.04,
3209,全科,17.25,16.73,
3229,晟鈦,17.5,17.54,
3231,緯創,18.75,18.91,
3257,虹冠電,43.05,41.79,
3266,昇陽,11.0,11.11,
3296,勝德,14.0,13.56,
3305,昇貿,--,19.91,
3308,聯德,6.56,6.64,
3311,閎暉,12.1,12.04,
3312,弘憶股,10.15,10.28,
3321,同泰,10.9,12.02,
3338,泰碩,20.5,20.91,
3346,麗清,35.9,33.88,
3356,奇偶,27.0,21.97,
3376,新日興,79.4,78.99,
3380,明泰,15.4,15.03,
3383,新世紀,1.94,2.05,
3406,玉晶光,196.0,203.29,
3413,京鼎,130.0,118.44,
3416,融程電,50.2,50.35,
3419,譁裕,16.55,15.61,
3432,台端,14.1,13.86,
3437,榮創,16.7,16.56,
3443,創意,164.5,189.29,
3450,聯鈞,62.2,57.12,
3454,晶睿,94.0,93.77,
3481,群創,9.96,9.98,
3494,誠研,6.41,6.45,
3501,維熹,51.5,49.62,
3504,揚明光,73.3,72.13,
3515,華擎,49.65,50.77,
3518,柏騰,16.45,16.69,
3519,綠能,6.82,9.47,
3528,安馳,31.85,32.39,
3530,晶相光,72.2,73.89,
3532,台勝科,120.5,116.97,
3533,嘉澤,174.0,176.21,
3535,晶彩科,14.9,13.08,
3536,誠創,7.2,7.0,
3545,敦泰,23.2,24.12,
3550,聯穎,15.7,15.73,
3557,嘉威,17.2,17.11,
3576,新日光,8.66,7.84,
3579,尚志,8.57,8.94,
3583,辛耘,54.0,54.88,
3588,通嘉,20.6,20.46,
3591,艾笛森,14.05,13.38,
3593,力銘,10.8,10.86,
3596,智易,59.4,56.47,
3605,宏致,21.0,20.23,
3607,谷崧,16.8,15.72,
3617,碩天,79.9,76.2,
3622,洋華,16.45,15.85,
3645,達邁,47.8,48.41,
3653,健策,67.1,65.92,
3661,世芯-KY,73.2,77.65,
3665,貿聯-KY,176.5,180.06,
3669,圓展,17.0,16.79,
3673,TPK-KY,48.7,50.03,
3679,新至陞,54.1,54.84,
3682,亞太電,7.77,6.24,
3686,達能,3.35,3.09,
3694,海華,19.95,20.2,
3698,隆達,17.75,17.31,
3701,大眾控,12.35,11.56,
3702,大聯大,37.0,36.76,
3703,欣陸,14.0,13.67,
3704,合勤控,12.15,11.63,
3705,永信,39.9,39.89,
3706,神達,27.2,26.67,
3708,上緯投控,71.5,70.07,
3711,日月光投控,56.4,59.96,
3712,永崴投控,18.45,18.36,
4104,佳醫,45.05,45.1,
4106,雃博,24.4,24.4,
4108,懷特,17.95,17.91,
4119,旭富,68.0,69.02,
4133,亞諾法,29.85,29.49,
4137,麗豐-KY,221.0,222.88,
4141,龍燈-KY,17.85,18.2,
4142,國光生,20.4,21.2,
4144,康聯-KY,27.25,27.6,
4148,全宇生技-KY,65.0,67.98,
4155,訊映,25.2,25.39,
4164,承業醫,32.2,32.37,
4190,佐登-KY,88.0,85.88,
4306,炎洲,13.0,13.11,
4414,如興,13.55,13.39,
4426,利勤,43.0,43.37,
4438,廣越,104.5,106.74,
4526,東台,17.1,17.46,
4532,瑞智,22.9,23.62,
4536,拓凱,87.2,89.23,
4540,全球傳動,65.6,66.44,
4545,銘鈺,25.15,26.01,
4551,智伸科,93.0,85.22,
4552,力達-KY,55.9,55.73,
4555,氣立,58.2,58.36,
4557,永新-KY,61.8,61.78,
4560,強信-KY,47.15,49.0,
4562,穎漢,37.0,36.0,
4566,時碩工業,45.1,44.12,
4720,德淵,12.9,12.74,
4722,國精化,27.3,27.03,
4725,信昌化,26.0,25.33,
4737,華廣,47.3,47.89,
4739,康普,88.6,89.82,
4746,台耀,37.3,38.81,
4755,三福化,40.0,39.74,
4763,材料-KY,121.0,123.18,
4764,雙鍵,77.3,76.37,
4807,日成-KY,53.4,54.68,
4904,遠傳,74.5,73.22,
4906,正文,20.1,19.75,
4912,聯德控股-KY,150.5,152.18,
4915,致伸,40.6,40.2,
4916,事欣科,29.5,29.19,
4919,新唐,38.25,37.45,
4927,泰鼎-KY,33.1,33.35,
4930,燦星網,10.6,10.58,
4934,太極,5.8,5.33,
4935,茂林-KY,34.5,34.39,
4938,和碩,49.7,51.91,
4942,嘉彰,31.5,30.05,
4943,康控-KY,137.0,131.38,
4952,凌通,30.4,30.35,
4956,光鋐,15.0,15.16,
4958,臻鼎-KY,75.3,72.98,
4960,誠美材,9.66,8.63,
4961,天鈺,37.6,37.33,
4968,立積,43.0,43.28,
4976,佳凌,31.0,30.87,
4977,眾達-KY,68.8,61.44,
4989,榮科,18.15,17.96,
4994,傳奇,41.8,41.34,
4999,鑫禾,46.0,46.44,
5007,三星,51.0,51.08,
5203,訊連,66.5,65.38,
5215,科嘉-KY,26.65,26.76,
5225,東科-KY,26.6,25.81,
5234,達興材料,69.9,68.7,
5243,乙盛-KY,29.2,29.37,
5258,虹堡,15.45,15.79,
5259,清惠,7.6,7.38,
5264,鎧勝-KY,41.6,44.34,
5269,祥碩,447.5,465.97,
5284,jpp-KY,52.9,52.47,
5285,界霖,69.0,69.14,
5288,豐祥-KY,90.3,90.48,
5305,敦南,27.6,27.56,
5388,中磊,60.2,54.35,
5434,崇越,67.7,66.9,
5469,瀚宇博,23.3,23.27,
5471,松翰,28.5,28.27,
5484,慧友,5.38,4.63,
5515,建國,10.25,10.24,
5519,隆大,11.25,10.76,
5521,工信,8.21,7.99,
5522,遠雄,35.95,35.55,
5525,順天,20.6,20.41,
5531,鄉林,10.3,10.21,
5533,皇鼎,16.0,16.17,
5534,長虹,78.3,74.58,
5538,東明-KY,38.15,38.12,
5607,遠雄港,18.9,19.03,
5608,四維航,7.13,7.26,
5706,鳳凰,33.95,33.74,
5871,中租-KY,92.0,93.34,
5876,上海商銀,39.2,39.25,
5880,合庫金,17.75,17.77,
5906,台南-KY,--,12.54,
5907,大洋-KY,31.8,32.48,
6005,群益證,9.11,9.25,
6024,群益期,41.2,41.56,
6108,競國,25.75,26.27,
6112,聚碩,28.95,29.08,
6115,鎰勝,39.85,39.87,
6116,彩晶,7.34,7.1,
6117,迎廣,11.9,11.37,
6120,達運,16.35,16.65,
6128,上福,27.25,27.05,
6133,金橋,8.5,8.43,
6136,富爾特,17.4,17.45,
6139,亞翔,26.0,25.94,
6141,柏承,16.75,15.97,
6142,友勁,8.36,8.11,
6152,百一,4.56,4.44,
6153,嘉聯益,28.0,33.77,
6155,鈞寶,21.35,20.68,
6164,華興,8.4,8.45,
6165,捷泰,7.57,7.54,
6166,凌華,30.2,34.35,
6168,宏齊,12.55,12.56,
6172,互億,17.4,14.53,
6176,瑞儀,76.7,82.06,
6177,達麗,26.0,26.1,
6183,關貿,32.55,32.64,
6184,大豐電,34.15,34.38,
6189,豐藝,28.35,28.11,
6191,精成科,12.85,12.42,
6192,巨路,66.0,64.86,
6196,帆宣,51.2,48.42,
6197,佳必琪,27.95,27.43,
6201,亞弘電,29.5,29.49,
6202,盛群,57.7,57.76,
6205,詮欣,21.9,21.39,
6206,飛捷,70.0,70.02,
6209,今國光,28.75,25.53,
6213,聯茂,42.25,44.65,
6214,精誠,61.3,62.52,
6215,和椿,13.25,12.88,
6216,居易,27.0,26.9,
6224,聚鼎,54.3,53.24,
6225,天瀚,3.02,3.72,
6226,光鼎,9.03,8.83,
6230,超眾,92.3,103.38,
6235,華孚,19.15,17.35,
6239,力成,68.8,68.96,
6243,迅杰,10.55,10.45,
6251,定穎,8.8,8.16,
6257,矽格,28.4,28.84,
6269,台郡,77.7,79.67,
6271,同欣電,105.5,101.56,
6277,宏正,81.0,80.62,
6278,台表科,35.7,35.64,
6281,全國電,62.2,62.28,
6282,康舒,18.15,18.31,
6283,淳安,32.5,34.69,
6285,啟碁,71.1,73.14,
6288,聯嘉,18.75,16.62,
6289,華上,1.27,1.25,
6405,悅城,14.15,13.1,
6409,旭隼,520.0,511.03,
6412,群電,43.0,43.75,
6414,樺漢,229.5,224.24,
6415,矽力-KY,390.5,430.94,
6416,瑞祺電通,81.3,79.41,
6431,光麗-KY,13.8,13.09,
6442,光聖,34.15,30.94,
6443,元晶,7.12,6.21,
6449,鈺邦,30.1,29.89,
6451,訊芯-KY,59.6,61.34,
6452,康友-KY,162.0,151.47,
6456,GIS-KY,89.7,96.02,
6464,台數科,--,113.31,
6477,安集,21.6,19.43,
6504,南六,166.0,161.29,
6505,台塑化,113.5,116.21,
6525,捷敏-KY,66.1,62.38,
6531,愛普,44.9,44.6,
6533,晶心科,68.0,68.88,
6541,泰福-KY,60.4,56.75,
6552,易華電,92.0,89.67,
6573,虹揚-KY,23.9,24.85,
6579,研揚,72.0,75.35,
6581,鋼聯,87.5,89.27,
6582,申豐,48.2,47.7,
6591,動力-KY,44.5,46.02,
6605,帝寶,69.5,68.88,
6625,必應,52.3,51.41,
6641,基士德-KY,66.7,64.9,
6666,羅麗芬-KY,136.0,139.1,
8011,台通,16.8,16.24,
8016,矽創,93.1,91.51,
8021,尖點,18.2,17.95,
8028,昇陽半導體,31.75,29.98,
8033,雷虎,7.82,7.99,
8039,台虹,34.65,33.52,
8046,南電,29.8,29.63,
8070,長華,135.0,134.26,
8072,陞泰,21.25,20.72,
8081,致新,62.1,61.48,
8101,華冠,3.31,3.26,
8103,瀚荃,23.75,23.54,
8105,凌巨,9.51,9.52,
8110,華東,10.2,10.42,
8112,至上,28.8,28.81,
8114,振樺電,91.2,94.74,
8131,福懋科,31.8,31.74,
8150,南茂,25.7,25.99,
8163,達方,40.95,39.4,
8201,無敵,11.25,11.25,
8210,勤誠,40.0,38.57,
8213,志超,27.25,25.95,
8215,明基材,15.8,15.78,
8222,寶一,16.5,16.56,
8249,菱光,19.15,18.94,
8261,富鼎,29.25,29.42,
8271,宇瞻,28.8,27.95,
8341,日友,212.5,221.5,
8367,建新國際,24.6,24.13,
8374,羅昇,19.55,18.38,
8404,百和興業-KY,44.45,43.3,
8411,福貞-KY,12.2,12.34,
8422,可寧衛,168.0,169.18,
8427,基勝-KY,37.1,37.48,
8429,金麗-KY,17.85,17.36,
8442,威宏-KY,57.3,57.56,
8443,阿瘦,11.85,11.99,
8454,富邦媒,186.0,186.65,
8463,潤泰材,29.8,31.17,
8464,億豐,219.0,215.82,
8466,美吉吉-KY,54.3,55.88,
8467,波力-KY,23.2,25.02,
8473,山林水,56.3,57.43,
8478,東哥遊艇,36.8,33.55,
8480,泰昇-KY,--,122.21,
8481,政伸,48.2,49.59,
8482,商億-KY,109.0,102.32,
8488,吉源-KY,13.35,13.14,
8497,聯廣,46.2,43.47,
8499,鼎炫-KY,73.3,73.85,
8926,台汽電,26.25,26.51,
8940,新天地,12.45,12.86,
8996,高力,36.35,36.09,
9103,美德醫療-DR,1.15,1.2,
9105,泰金寶-DR,2.44,2.45,
9110,越南控-DR,2.77,2.77,
9136,巨騰-DR,7.06,7.28,
9157,陽光能源-DR,0.85,0.86,
9188,精熙-DR,4.58,4.45,
9802,鈺齊-KY,46.7,45.67,
9902,台火,8.99,8.77,
9904,寶成,32.9,32.41,
9905,大華,24.7,24.86,
9906,欣巴巴,9.0,8.91,
9907,統一實,12.2,12.74,
9908,大台北,28.45,28.57,
9910,豐泰,187.5,188.91,
9911,櫻花,35.1,35.35,
9912,偉聯,8.42,8.06,
9914,美利達,129.0,122.76,
9917,中保,86.7,86.44,
9918,欣天然,32.15,32.3,
9919,康那香,10.35,10.46,
9921,巨大,142.5,131.88,
9924,福興,34.5,33.67,
9925,新保,34.65,34.34,
9926,新海,39.5,39.28,
9927,泰銘,29.95,30.47,
9928,中視,5.1,5.04,
9929,秋雨,14.0,13.64,
9930,中聯資源,51.7,51.96,
9931,欣高,32.35,31.94,
9933,中鼎,43.85,44.0,
9934,成霖,15.8,15.76,
9935,慶豐富,16.25,15.73,
9937,全國,40.3,40.14,
9938,百和,51.8,49.58,
9939,宏全,47.15,47.99,
9940,信義,30.0,30.12,
9941,裕融,88.1,88.03,
9942,茂順,69.5,70.71,
9943,好樂迪,58.0,57.71,
9944,新麗,16.35,16.24,
9945,潤泰新,46.55,44.99,
9946,三發地產,12.2,11.65,
9955,佳龍,11.95,12.0,
9958,世紀鋼,74.8,79.33,
