代號,五年均,y18,y17,y16,y15,y14,y13,y12,y11,y10,y09,y08,y07,y06,y05,y04,y03,y02,y01
1101,1.814,1.5,1.45,1.33,2.49,2.3,1.9,1.9,2,1.8,1.32,1.9,1.7,1.41,0.7,0.35,0.1,0,0
1102,1.440,1.2,0.9,1.1,2.2,1.8,1.7,2.3,1.9,1.8,1.8,2.4,1.5,1.2,1.2,0.65,0.5,0.2,0.25
1103,0.420,0.5,0.2,0.1,0.3,1,0,0.2,0.3,0.2,0,0,0,0,0,0,0,0,0
1104,1.040,1.1,1.2,1,1,0.9,0.75,0.6,1,0.5,0,0,0,0,0,0,0,0,0.1
1108,0.500,0,0.6,0.85,0.6,0.45,0,0,0,0.17,0,0.25,0.45,0.45,0.3,0.15,0.11,0,0
1109,0.360,0.1,0.1,0.2,0.2,1.2,0.38,0.35,0.28,0.35,0.2,0.5,0.6,0.5,0.5,0.3,0.5,0.1,0.3
1110,0.160,0.1,0.1,0.2,0.2,0.2,0.1,0.1,0.1,0.2,0,0.4,0.3,0.5,0.25,0,0.5,0,0
1201,0.120,0,0,0,0,0.6,0.6,0.6,0.6,0.6,0,0,0,0,0,0,0,0,0
1203,1.060,1.3,1,1,1,1,0.3,0.5,0.5,0.58,0.5,0,0,0,0,0,0,0,0
1210,1.240,2,1.5,0.7,1,1,1.2,1.19,1.19,1.2,1.2,1.48,0.99,1.09,0.31,0.2,0.5,1,0.45
1213,0.000,0,0,0,0,0,0,0,0,0,0,0,0,0,0,0,0,0,0
1215,1.960,3,3,2,1,0.8,0.8,0.3,1,1,0.7,1,0.6,0,0,0,0,0.5,0.55
1216,2.500,5.5,2.1,2,1.4,1.5,1.4,1,1.4,0.8,0.44,2,0.6,0.65,0.36,0.6,0.35,0.6,0.6
1217,0.000,0,0,0,0,0,0,0,0,0,0,0,0,0,0,0,0,0,0
1218,0.080,0.4,0,0,0,0,0,0.2,0.35,0.2,0,0,0,0,0,0,0,0,0
1219,0.236,0.3,0.3,0.25,0.18,0.15,0.1,0.5,0.45,0.32,0,0.3,0.22,0.15,0,0.12,0.12,0.1,0
1220,0.440,0.4,0.65,0.5,0.3,0.35,0.4,0,0,0,0,0,0,0,0,0,0,0,0.2
1225,0.798,1.25,1.25,1,0.25,0.24,0.38,0.3,0.4,0,0,0.25,0,0,0,0,0,0,0
1227,1.680,2,1.6,1.6,1.6,1.6,2,2.4,2.5,2,1.4,0.9,1.3,1.1,1.1,0.5,0.6,0.5,0.6
1229,1.400,1.8,1.6,1.2,1.4,1,1,1,1.2,0.8,0.25,0.7,0.6,0.6,0.6,0.5,0.2,0.2,0.2
1231,1.274,1.4,1.75,1.32,0.9,1,1.2,1.2,1.1,0.7,0.7,0.6,0.5,0.5,0.5,0.5,0.5,0.5,0.6
1232,4.760,5,5,5,5,3.8,2.8,3,3.5,3,2.4,2.6,2,1.6,1.2,1.6,1.8,1.2,1.3
1233,2.050,2.25,1.6,2,2.1,2.3,2.3,2.3,2,1.9,1.4,1.4,1.2,1.5,1.5,0.9,0.7,0.7,0.5
1234,1.640,1.5,2,1.5,1.2,2,2.5,0.6,0.5,0.45,0.3,0.27,0.2,0.25,0.2,0.4,0.4,0.4,0.4
1235,0.000,0,0,0,0,0,0,0,0,0,0,0,0,0.5,0,1,1,1,1
1236,0.740,0.1,0.3,0.7,1.3,1.3,0.7,0.5,0.7,1,1,0.8,0.6,1,1,1,0.6,0.3,1
1256,4.740,5,4.2,4,5.5,5,2,0.56,0,,,,,,,,,,
1262,2.084,0.3,0.12,5,2.5,2.5,,,,,,,,,,,,,
1301,3.500,5.7,4.6,3.6,1.7,1.9,1.2,4,6.8,4,1.8,6.7,4.4,4.1,3.6,1.8,1.2,0.7,1
1303,3.420,5.1,4.5,3.3,2.3,1.9,0.3,2.1,4.7,1.9,0.8,6.7,5,3.7,3.6,1.8,1.2,0.7,1.1
1304,0.460,0.3,0.5,0.5,0.4,0.6,1,1,1,0.8,0,1.5,0.7,0.7,1,0.5,0,0,0
1305,1.040,1.5,1.7,1,0.2,0.8,0.4,0,0,0.3,0,0,0,0,0,0,0,0,0
1307,1.720,1.7,2.2,1.7,1.6,1.4,1.4,1.2,1.2,1.5,0.3,1,1.5,1,0.7,0,0,0.4,0.4
1308,0.540,0.2,0.6,0.6,0.3,1,1,1,1.5,0.6,1,2,1,0.8,0.6,0.2,0.8,0,0.5
1309,0.000,0,0,0,0,0,0,0.2,0.5,0,0,0.2,0,0,0.2,0,0,0,0
1310,1.060,1.6,2.2,1,0,0.5,0,0,0,0.6,0,0.3,0.4,0,0.4,0.6,0.2,0,0.5
1312,0.820,1,1,0.8,0.3,1,1,0.7,1,0.2,0,0,0,0,0,0,0,0,0
1313,0.480,1,0.6,0.2,0.2,0.4,0.8,0.5,1.98,0.8,0.2,1,0.6,0.41,0.4,0.4,0.2,0,0
1314,0.000,0,0,0,0,0,0.5,1.75,1,0,0,0,0,0,0,0,0,0,0
1315,1.080,1.1,1.1,1.1,1.1,1,1,1.7,1,1,1,1.2,1,1,0.8,0.5,0.5,1,0.5
1316,0.452,2.26,0,0,0,0,0,0,0,0,0,0,0,0,0,0,0,0,0
1319,1.482,2.05,2.12,1.4,0.74,1.1,0.35,0.3,0.4,1.45,0.3,0.55,0.5,1.5,1.99,1.79,0.95,0.25,0
1321,0.000,0,0,0,0,0,0,0,0,0,0,0,0.2,0.6,0.5,0.5,0,0,0
1323,1.490,1.3,1.8,1.55,1.8,1,0.7,1.2,1.5,0.9,0.6,0.3,0.5,0.35,0.5,0.5,0.5,0.42,0.45
1324,0.540,0.3,0.4,0.4,0.3,1.3,0.4,0.6,0.4,0.6,0.1,0,0.12,0.2,0.6,0.5,0.2,2,0.2
1325,0.590,0.35,0.8,0.7,0.45,0.65,0.45,0.65,0.35,0.5,0.3,0.6,0.3,0.2,0,0,0,0,0
1326,3.960,7,5.6,3.5,1.2,2.5,0.65,4,7.5,4.5,0.9,7,4.8,5.2,4.5,2.4,1.6,0.6,0.8
1337,0.230,0,0.01,0.3,0.04,0.8,3.6,3.52,,,,,,,,,,,
1338,3.940,5,4,4.5,3.7,2.5,1.5,1.5,0,,,,,,,,,,
1339,1.900,2,2,2,2,1.5,1.5,1.5,0.95,,,,,,,,,,
1340,1.700,0.3,1.2,1,2,4,0,,,,,,,,,,,,
1402,1.100,1.2,0.8,1,1.2,1.3,1.3,1.7,2,1.3,0.8,1.8,1.3,1,1,0.5,0.3,0.2,0.2
1409,0.358,0.5,0.25,0.25,0.43,0.36,0.32,0.32,0.35,0.21,0,0.2,0,0,0,0,0,0,0
1410,1.250,1.4,1.45,1.3,1.2,0.9,1.2,0.9,0.16,0,0,0,0,0,0,0,0,0,0
1413,0.000,0,0,0,0,0,0,0,0,0,0,0,0,0,0,0,0,0,0
1414,0.304,0.32,0.2,0.2,0.3,0.5,0.38,0.3,0,0,0,0,0,0,0,0,0,0,0
1416,1.622,1.2,3,1.3,0.3,2.31,1,0,0.5,0,0,0,0,0,0,0,0,0,0
1417,0.040,0,0,0,0,0.2,0.5,0,0,0,0,0,0,0,0,0,0,0,0
1418,0.000,0,0,0,0,0,0,0,0,0,0,0,0,0,0,0,0,0,0.3
1419,1.060,3.73,0.46,0.35,0.31,0.45,0.5,0.6,0.7,0.25,0,0.25,0.25,0.25,0,0,0,0,0
1423,0.000,0,0,0,0,0,0,0,0,0,0,0.5,0,0,0,0,0.5,0,0
1432,0.000,0,0,0,0,0,0,0,0,0,0,0,0,0,0,0,0,0,0
1434,1.400,1.9,1.5,1.2,1.4,1,1,1.2,2,0.8,1.5,3.2,1.4,1,0.8,0.6,0.7,0.4,0.6
1435,0.000,0,0,0,0,0,0,0,0,0,0,0,0,0,0,0,0,0,0
1436,1.000,2.5,1,0,1.5,0,0,0,0.17,0,0,0,0,0,0,0,0.5,0,0
1437,0.200,0.5,0.5,0,0,0,0,0,0.15,0,0,0.2,0,0,0,0,0,0,0
1438,0.000,0,0,0,0,0,0,0,0,0,0,0,0,0,0,0,0,0,0
1439,0.400,0,0.5,0.5,0.5,0.5,0.5,0.5,10,0,0,0,0,0,0.2,0.2,0.3,0.6,0.3
1440,0.320,0.36,0.32,0.45,0.17,0.3,0.15,0.2,0.8,0.4,0,0.6,0.25,0,0.2,0.3,0.2,0,0
1441,0.000,0,0,0,0,0,0.1,0.7,0,0,0,0,0,0,0,0,0,0,0
1442,1.928,1.8,0.99,1,1.85,4,1.2,2.5,1.8,1.5,1.2,0,0,0,0,0,0,0,0
1443,0.000,0,0,0,0,0,0,0,0,0,0,0,0,0,0,0,0,0,0
1444,0.300,0.5,0,0.5,0.5,0,0.6,0.5,0.5,0.8,0,0,0,0,0,0,0,0,0
1445,0.360,0.2,0.3,0.5,0.3,0.5,0.3,0.5,0.5,0.2,0.21,0.4,0,0,0,0,0,0.3,0
1446,0.300,0.3,0.3,0.3,0.3,0.3,0.3,0.3,0,0,0,0.27,0,0,0,0.1,0,0,0
1447,0.000,0,0,0,0,0,0,0,0.5,0,0,0,0,0,0,0,0,0,0
1449,0.000,0,0,0,0,0,0,0,0,0,0,0,0,0,0,0,0,0,0
1451,1.660,1.5,1.5,1.5,1.8,2,1.3,1,1.25,1,0.5,1.5,1.7,1.5,2,2.2,2.2,2,0
1452,1.240,1.4,1.2,1.8,1,0.8,0.5,0.5,0.8,0.5,0,0.45,0.3,0,0,0,0,0,0
1453,0.000,0,0,0,0,0,0,0,0,0,0,0,0,0,0,0,0,0,0
1454,0.330,0.2,0.3,0.5,0.4,0.25,0.2,0.5,0,0,0.2,0,0,0,0,0.3,0,0.3,0
1455,0.260,0.4,0.3,0.2,0.2,0.2,0,0.1,0.6,0.1,0,0.12,0.12,0.1,0.25,0.2,0.4,0.2,0.1
1456,0.000,0,0,0,0,0,0,0,0,0,0,0,0,0,0,0,0,0,0
1457,0.440,0.7,0.5,0.6,0.3,0.1,0,0,0.17,0,0,0,0,0,0,0,0,0,0
1459,0.240,0.1,0,0.2,0.55,0.35,0.1,0.47,0.7,0,0,0.55,0.18,0,0.5,0.25,0.2,0,0
1460,0.420,0,0.4,0.8,0.7,0.2,0,0,0,0,0,0.2,0.15,0,0.15,0,0.15,0.2,0.1
1463,1.566,3,3.3,0.7,0.53,0.3,0,0,0,0,0,0,0,0.15,0.5,0,0,0,0.35
1464,1.456,2.2,1.93,2.18,0.97,0,0.2,0.2,0.15,0.2,0,0.2,0,0,0,0.15,0,0,0
1465,0.680,0.4,0.65,0.9,0.95,0.5,1,1.1,2.2,0.5,0.55,0.75,0.6,0.8,0.3,0.2,0.2,1.1,0
1466,0.194,0,0,0,0.5,0.47,1,1,0.3,0,0,0,0,0,0,0,0,0,0
1467,0.140,0,0,0,0.5,0.2,0.4,0.2,0,0,0,0.6,1.15,1.09,0.25,1,0.5,0.2,0
1468,0.000,0,0,0,0,0,0,0,0,0,0,0,0,0,0,0,0.15,0.3,0
1469,0.000,0,0,0,0,0,0,0,0,0,0,0,0,0,0,1,0,0,0
1470,0.510,0.5,0.55,0.6,0.6,0.3,0,0.2,0.2,0,0,0,0,0,0,0,0,0,0
1471,0.000,0,0,0,0,0,0,0,0,0,0,0,0,0,0,0,0,0,0
1472,0.000,0,0,0,0,0,0,0,0,0,0,0,0,0,0,0,0.1,0,0
1473,1.400,0.5,1.2,1.2,1.6,2.5,1,2.3,2.42,1.5,1,2.5,3.68,3,3,3,3,3,1.8
1474,0.460,0.6,0.6,0.5,0.3,0.3,0.1,0.3,0.51,0.2,0,0.1,0.5,0.46,0.3,0.59,0.3,0,0
1475,0.000,0,0,0,0,0,0,0,0,0,0,0,0,0,0,0,0,0,0
1476,9.100,9.5,10.5,10.5,8,7,5,3,2,1,0.4,1,0.8,0.8,0.8,0.8,0.88,0.7,0.8
1477,7.522,6,6.71,9.51,7.7,7.69,6.14,6.05,4.57,5.17,2,5.97,4.64,3.74,3.1,3.7,2.8,2.2,0
1503,1.380,1.3,1.2,1.5,1.5,1.4,1,1.2,1.2,1.2,0.6,1.2,1.2,1.2,1,0.6,0.5,0.3,0.6
1504,0.948,0.86,0.88,0.8,1.1,1.1,1,0.9,0.8,0.55,0.5,1,0.7,0.6,0,0.5,0.5,0,0.1
1506,0.000,0,0,0,0,0,0,0,0,0,0,0,0,0,0,0,0,0,0
1507,2.520,2,2.4,2.7,3,2.5,2.3,2.2,2,1.5,1,1,0.8,1,0.6,0.8,0.8,0.6,0.6
1512,0.000,0,0,0,0,0,0,0.5,0.5,0,0,0.3,0.5,0.7,0.7,0.35,0,0,0
1513,1.000,1,1,1,1.2,0.8,1,1,1,1,0.88,1.4,1.4,1.5,1.3,1,0.63,0,1
1514,0.446,0.5,0.5,0.48,0.45,0.3,0.5,0.35,0.3,0.15,0,0.27,0.25,0.2,0.15,0,0,0.4,0.6
1515,0.540,1.2,0.5,0.5,0,0.5,0,0,0,0,0,0,0,0,0.6,0.4,0.4,0,0.2
1516,0.074,0,0.37,0,0,0,0,0,0,0,0,0,0,0,0,0.05,0,0,0
1517,0.380,0.2,0.2,0.5,0.5,0.5,0.7,0.7,0.7,0.6,0.7,0.6,0.6,0.15,0,0,0,0,0
1519,0.544,0.4,0.8,0.6,0.6,0.32,0.25,0.5,1,1,1.2,2,1.29,0.34,0,0.15,0.4,0.7,0.5
1521,4.680,5.2,5.2,5,4.3,3.7,3.5,4,4,3,1,1.5,1.3,2.5,3.5,2.5,1.5,1,1.5
1522,1.220,1.6,2,1.5,1,0,0,0.1,0,0.5,0.3,0.41,0.15,0,0.3,1.25,3,0.8,0
1524,0.190,0.45,0.5,0,0,0,0,0,0,0,0.1,0.15,0.3,0.3,0.6,0.11,0,0,0
1525,1.820,2.4,2.3,1.4,1.4,1.6,1.6,1.7,1.5,1.55,0.5,0.5,0.5,1,0.5,0.5,0.5,1,1.2
1526,0.440,1,0.8,0.4,0,0,0,0,0,0,0,0,0,0,0,0,0,0,0
1527,3.260,1.4,4.1,3.3,3,4.5,0.5,1.83,0,1.33,1.23,2.32,3,2.13,4,3,3,3,1.5
1528,0.360,0.5,0.5,0.1,0.1,0.6,0.55,0.6,0.77,0.23,0.14,1.06,1.3,0.3,0.3,0,0,0.24,1
1529,0.000,0,0,0,0,0,0,0,0,0,0,0,0,0,0,0,0,0,0.2
1530,1.330,1.25,0.7,0.5,2.2,2,1.5,1.5,1,0.5,0.51,4,3,3,2.2,1.5,0.76,0.38,0.2
1531,0.760,0.8,0.6,0.6,0.8,1,1.2,2,1.8,0.7,0.7,0.2,1.7,0.5,1.5,1.5,2.3,1.5,2
1532,1.960,1.5,1.7,2.1,1.5,3,1,0.4,1.2,2,0.2,0.65,1.3,1.33,1.91,0.77,0.92,0.7,0.9
1533,0.520,0.3,0.2,0.1,0.5,1.5,0.3,0.4,0,0.5,0,1,1.2,0.5,0.6,1,2,1.8,1
1535,2.810,1.25,1.8,3,4.5,3.5,3.89,3.5,3.2,2.7,2,1.8,1.6,1,0.6,0.2,0.3,0.3,0.7
1536,2.768,3.75,3.5,3.2,2.1,1.29,0.22,0,0,0,0,1.34,1,1,0,0.4,0,0,0
1537,7.600,9.5,9,7.5,6.5,5.5,4.5,2.5,4.14,3.47,0.36,2.23,1,0.5,0.25,1.5,1.5,1.5,0.2
1538,0.000,0,0,0,0,0,0,0,0,0,0.5,0,0,2,0.7,1.47,0.2,0.5,0
1539,0.858,1,1.2,1.2,0.89,0,0,0,0,0,0,0.15,0,0,0.15,0.4,0.6,0.7,0.2
1540,1.080,0.6,1,1,1.5,1.3,1,1.5,1.3,2.5,1.5,3,1,1.5,1.2,0.5,0.8,0.5,0
1541,1.944,1.5,3.3,3.21,1.71,0,0,0,0,0.98,0,0.1,0,0,0,1.28,0.85,0,0
1558,9.100,8.5,9.5,9.5,9,9,7.5,8,7.7,7,2.2,2.8,4.2,2.2,3.5,3,2,,
1560,3.520,3.5,3,3.7,4.1,3.3,2.7,2.7,1.5,0.5,1.2,2.1,2.5,1.5,1.5,1.5,0.4,0.2,0.2
1568,0.800,0.8,1.2,1,0.5,0.5,0.5,0,0,0,0,0.2,0,0,0.2,0.2,,,
1582,4.590,5,5.45,4.5,4.5,3.5,3.94,3,3.48,4.5,3,5.93,6,1,,,,,
1583,2.040,2.5,1,0.5,3.5,2.7,2.03,2.5,1,0.5,0.5,4.12,2.5,,,,,,
1587,0.968,0.44,1,1,1.2,1.2,0.5,1,1,1.5,,,,,,,,,
1589,4.540,1.5,3.25,8.45,6,3.5,2.6,0.15,,,,,,,,,,,
1590,5.582,7.44,5.37,4,4.8,6.3,3.8,5.3,4.36,,,,,,,,,,
1592,1.440,1,2.2,1,1,2,,,,,,,,,,,,,
1593,2.708,3.24,3,3,2.1,2.2,1,1.8,2,,,,,,,,,,
1598,1.220,0.5,2.1,1.5,2,0,0.45,0.05,,,,,,,,,,,
1603,0.400,1,0.5,0.5,0,0,0,0,0,0,0,0,0,0,0,0,0,0,0
1604,0.870,0.2,1.4,1.04,1,0.71,0.6,0.3,0.08,0,0,0,0,0,0,0.5,0,0.2,0.45
1605,0.382,1,0.7,0.21,0,0,0,0,0.4,0,0,0.3,1.5,0,1.01,0,0,0,0.2
1608,0.286,0.73,0,0,0,0.7,0.7,0,0.35,0.5,0,0.7,0.4,0,0.5,0.6,0.5,0,0
1609,0.110,0.35,0,0,0,0.2,0.2,0.25,0.35,0.14,0,0.15,0.2,0.19,0.3,0.2,0.8,0.2,0
1611,0.200,1,0,0,0,0,0.2,1.2,1.28,1.2,0.6,1.2,1,0.4,0.3,1,0.5,0.5,0.34
1612,0.478,0.5,0.28,0.26,0.6,0.75,0.22,0.3,0.6,0.5,0.26,1.6,1.2,0.8,0.45,0.5,0.71,0,0.5
1614,0.844,0.7,1.05,0.81,0.76,0.9,0.86,1.19,0.92,1.16,0.32,1.12,1.18,1.5,1.43,1.31,0.9,0.6,0.5
1615,0.510,0.9,0.75,0.3,0.3,0.3,0.4,0.5,1.2,1,0.25,0.91,1.35,0,0.32,0,0,0,0
1616,0.000,0,0,0,0,0,0,0,0,0,0,0,0.2,0.28,0.3,0,0,0,0
1617,0.320,0.6,0.4,0.3,0.3,0,0,0,0.4,0,0,0.1,0.3,0.2,0.5,0.4,1,1,0.8
1618,0.230,0.3,0.3,0.35,0.2,0,0.5,0.5,0.3,0,0,0,0,0,0.3,0,0,0,0
1626,0.730,0.1,1,0,0,2.55,2.5,,,,,,,,,,,,
1701,0.580,0.6,0.6,0.6,0.6,0.5,0.5,0.5,0.7,0.7,0.2,0.5,0.7,0.7,0.5,0.2,0,0,0
1702,2.442,2.7,2.81,2.6,2.1,2,1,0.55,1.4,0,0,0,0,0,0,0,0,0,0
1704,1.580,2.9,3,1.5,0,0.5,0.75,2.6,3.35,3,1.25,2.7,1.8,1.6,1.2,0.29,0.7,0.2,0.21
1707,5.796,6.68,6.4,5.6,5.3,5,3.7,3,2.5,2,1,1.2,0.8,0.6,0.41,0,0,0,0
1708,0.800,1,0.5,0.5,1.5,0.5,0.5,1.5,1.5,1.5,1.5,1.5,1,0.7,0.25,0.4,0.15,0,0
1709,1.078,1.5,1.51,1.18,0.6,0.6,0.3,0.8,0.5,0,0.25,0,0.35,0.4,0,0.35,0.35,0.26,0.3
1710,0.930,1.75,0.2,0.5,1,1.2,1.2,2,2.4,1.7,1,2.2,1.5,2,2.5,1.5,0.6,0.6,0
1711,0.500,0.5,0.5,0.5,0.5,0.5,0.5,0.5,0.6,0.7,0.2,0.3,0.3,0.5,0.5,0.5,0.5,0.15,0
1712,0.848,1,0.94,0.6,0.9,0.8,0.8,0.8,0.8,0.8,0.7,0.6,0.6,0.2,0.3,0.2,0.2,0.2,0
1713,0.492,0.44,0.58,0.41,0.55,0.48,0.45,0.31,0.36,0.13,0.1,0.3,0.25,0.5,0.5,0.15,0.4,0.4,0.7
1714,0.060,0.3,0,0,0,0,0.2,0,0,0,0,0,0,0,0,0.52,0.2,0.3,0
1717,1.340,0.5,1.5,1.5,1.8,1.4,1.1,1,1.5,2.2,1.5,1.4,1.2,1.2,0.8,1,1.4,0.5,0.5
1718,0.040,0.1,0,0.1,0,0,0,0,0,0,0,0.83,0,0,0.51,0,0,0,0
1720,1.620,1.6,1.5,1.5,1,2.5,1.16,1,0.5,1.6,1.2,1.25,1.5,1.2,1,1,0.7,0.7,0.5
1721,0.180,0.2,0.7,0,0,0,0,0,0,0,0,0,0,0,0,0,0,0,0
1722,2.100,2.1,2.1,2.1,2.2,2,2.7,2.3,2.2,1.4,1.8,3.4,3,2.2,1.7,1,1,0.3,0
1723,6.040,4.6,4.5,4.5,8.3,8.3,7.4,8,7.2,5.6,4.65,5,4.3,4.2,4.5,3.6,2.4,2.1,1.8
1724,0.600,0.6,1,1,0.2,0.2,1,2,0.25,0.19,0.66,0.73,0.86,0.88,0,0.6,0.08,0,0
1725,0.676,0.83,0.8,0.78,0.62,0.35,0,0,0.15,0.25,0,0.18,0.31,0.23,0.3,0.18,0.18,0.2,0.2
1726,3.860,3.5,4,3.8,3.8,4.2,3.5,2.5,2.5,2.5,1.8,2,2.5,2.2,2.5,2,2,2,2
1727,0.540,0.6,0.6,0.5,0.5,0.5,0.4,0.43,0.45,0.29,0.2,0.23,0.22,0.2,0.3,0.3,0.2,0.2,0
1729,#DIV/0!,,,,,,,,,,,,,,,,,,
1730,2.170,2.27,2.18,2,1.7,2.7,1.1,1,1,1,0.5,0.7,0.8,0.75,0.6,0,0.5,0.5,0.45
1731,0.530,0.6,0.55,0.5,0.6,0.4,0.35,0.35,0.45,0.25,0.3,0.25,0.25,0.2,0.4,1,1,0.6,0
1732,0.000,0,0,0,0,0,0,0.4,0.5,0.6,0,0.5,0,0,0,0,0,0,0.5
1733,2.208,1.5,1.5,2.24,2.5,3.3,4.5,4.99,4.2,3.1,1.5,4,2.34,1.96,2,0.88,0.62,0,0
1734,0.420,0.2,0.1,0.2,0.8,0.8,0.6,0.35,0.65,0.55,0.33,0.64,0.5,0.5,0.45,0.3,0.3,0.2,0
1735,0.620,0.5,0.5,1,0.6,0.5,0.6,0.28,0.5,1.1,0,0.4,0.3,0.7,0.6,1.4,1,0.6,1.88
1736,1.190,0.3,1.15,1,1.5,2,1.5,1.95,0.5,0.3,0.3,1,3,2.25,1.5,1,1,0,0
1737,1.124,1.5,1.5,1.12,1,0.5,0.26,0.68,0.6,0.6,0,0.5,1.3,1,3.7,2,16.05,0.11,0.17
1760,0.670,1.5,0.9,0.8,0.15,0,0,0,0,0,,,,,,0,,,
1762,0.800,0.5,0.5,1.5,0.5,1,1.5,1.5,2,2.5,0,,,,,,,,
1773,3.240,4.6,4,3,2.6,2,3,2.6,4,2.5,1.5,3,1,1,2,1,1,,0.5
1776,1.358,1.5,1.6,1.59,1.2,0.9,0.9,0.6,0.9,2,1.5,2,1.5,1.2,1,1.5,4,,
1783,0.030,0.15,0,0,0,0,0,0,0,,,,,,,,,,
1786,0.280,0.2,0,0.5,0,0.7,0,0,0,0,0,,,,,,,,
1789,0.496,0.48,0.3,0.3,0.2,1.2,1.2,1,0.1,,,,,,,,,,
1802,0.120,0.5,0,0,0,0.1,0.1,0.45,0.6,0.2,0.2,0.4,0.24,0.4,0.5,0.4,0.3,1,0.8
1805,0.100,0,0,0.5,0,0,0,0,0,0,0,0,0,0,0,0,0,0,0
1806,0.020,0,0,0,0,0.1,0,0.5,1.18,0.5,0.05,0.3,0.11,0,0,0,0,0,0
1808,3.588,3.54,5.07,5.01,4.01,0.31,3,4.73,1.5,0.22,0.2,1,0.5,0,0,0,0,0,0
1809,0.310,0.2,0.3,0.2,0.5,0.35,0.3,0.5,0.5,0.2,0,0.1,0.1,0.2,0,0,0,0,0
1810,0.226,0.3,0,0.2,0.3,0.33,0,0.45,0,0,0,0,0,0,0,0,0,0,0
1817,1.980,2.3,2.2,2,1.8,1.6,1.2,1,,,,,,,,,,,
1902,0.066,0.33,0,0,0,0,0,0.5,0.6,0,0,0,0,0,0,0,0,0,0
1903,0.000,0,0,0,0,0,0,0,0,0,0,0,0,0,0,0,0,0,0
1904,0.550,0.7,0.5,0.6,0.35,0.6,0.6,0.3,0.6,0.7,0,0.4,0.7,0.5,0.7,0.3,0.3,0,0.3
1905,0.310,0.5,0.35,0.6,0.1,0,0,0,1,0,0.15,1.1,0.6,0.9,0.7,0.5,0.12,0,0.5
1906,0.530,1,1.5,0.15,0,0,0,0,0,0,0,0,0,0,0,0,0,0,0
1907,0.340,0.6,0,0.3,0.4,0.4,0.4,0.8,0.55,0.6,0,0.4,0.6,0.5,0.55,0.8,0.2,0.1,0.15
1909,1.188,1.75,1.49,1,0.9,0.8,0.4,0,0.71,0.51,0,0,0.3,0.61,0.6,0.3,0.2,0,0
2002,0.786,0.88,0.85,0.5,1,0.7,0.4,1.01,1.99,1.01,1.3,3.5,2.78,3.75,3.9,3,1.4,0.8,1.5
2006,1.340,1.4,1.3,1.1,1.3,1.6,1.3,1.6,1.2,1.02,1.5,3.2,3.1,2.59,1.5,0.7,0,0,0.19
2007,0.000,0,0,0,0,0,0,0,0.2,0,0,0,0,0,0,0,0,0,0
2008,0.000,0,0,0,0,0,0,0,0,0,0,0,0,0,0,0,0,0,0
2009,0.180,0,0,0,0.4,0.5,0,0,1.1,0.6,0,0.9,1.4,0.3,0.6,0.49,0.05,0,0
2010,0.680,0.5,0.7,0.5,0.5,1.2,0.5,0.6,0.6,0.55,0.2,0.3,0.35,1.2,1.5,1,1.5,1,0.63
2012,0.600,0.75,0.75,0.5,0.5,0.5,0,0,0,0,0.6,0.5,0.5,0.5,0,0,0,0,0
2013,0.660,0.24,0.26,0.5,0.8,1.5,2.1,2,1.5,1,0.9,1.2,1.1,0.7,0.3,0.2,0.35,0.8,0.8
2014,0.000,0,0,0,0,0,0,0,0.6,0,0,1.77,0.25,0,0.55,0,0,0,0
2015,2.900,3.5,3,2.5,2.5,3,2.5,3,2.75,2,2,3,3.25,2.75,2.5,1.6,1,0.3,0.5
2017,0.160,0.45,0.35,0,0,0,0,0.25,0,0,0,0,0,0,0.3,0.2,0,0,0
2020,0.706,1.42,0.8,0,0.8,0.51,0.2,0,0.8,0.45,0,2.65,2.7,0.2,2.5,1.5,1.6,0.3,0
2022,0.000,0,0,0,0,0,0,0,0,0,0,0,0,0,0.5,0,0,0,0
2023,0.200,0.2,0.4,0,0.2,0.2,0,0.3,0.3,0.3,0.2,0.5,0.7,0.3,1,1.5,0.6,0,0.4
2024,0.500,0.8,0.6,0.3,0.8,0,0,0.15,0,0,0,0,0,0,0,0,0,0,0
2025,0.000,0,0,0,0,0,0,0,0,0,0,0,0,0,0,0,0,0,0
2027,0.602,0.8,0.5,0.5,0.61,0.6,0.2,1.2,0,0.31,0,3.05,3,1.5,1.8,0.35,0.2,0,0
2028,0.000,0,0,0,0,0,0,0,0,0,0,0,0,0,0,0,0,0,0
2029,1.500,1.75,2.45,1,1.15,1.15,0.35,1.1,0.35,0.25,1.5,1.8,3,2,4.2,3,2.3,1,1.2
2030,0.360,1,0.3,0,0.5,0,0,0,0,0,0,0.6,1.6,1.38,0.5,0,0.2,0.25,0
2031,1.276,1.98,1.8,0.6,1,1,0.5,1,2,0.6,0.6,1.78,1.46,0.5,1.5,1.25,1,0.2,0.2
2032,0.340,0.1,0.4,0.2,0.25,0.75,0,0.1,0.4,0.2,0,0.5,0.5,0,1.5,0.5,1,0.5,0.7
2033,0.100,0.2,0.3,0,0,0,0.7,0.7,0.8,0,0.4,0.3,0.2,0,0.6,0,0.4,0,0
2034,1.620,1.8,1.8,1,2,1.5,0.7,1.2,1.21,0.5,0.2,1.52,2.99,0,3.2,1,0,0,0.8
2038,0.000,0,0,0,0,0,0.28,1.1,0.3,0,2,1.5,1,1,1,0.8,,,
2049,2.620,3.5,1.6,2.1,3.2,2.7,2.7,5.5,3,0.3,0.6,1.6,1.2,0.8,0.6,0.5,0.2,0,0
2059,7.970,5,8.25,10.1,9,7.5,5.94,4.5,5.5,5,3,4,3.5,4,3.5,2,1,,0.5
2062,1.896,0.3,1,1,2.68,4.5,2,2.2,3.5,2.33,1.1,2,2.12,,,,,,
2069,1.145,1.54,1.64,0.6,0.8,,,,,,,,,,,,,,
2101,0.622,0.71,1.14,0.2,0,1.06,0,0.53,0.52,0,0,0.5,0.52,1,0,0,0,0,0
2102,0.130,0,0.1,0.2,0.15,0.2,0.1,0.05,0.05,0.2,0,0.65,0.65,0.6,0.5,1.5,0,0,0
2103,1.182,0.96,1,1.06,1.52,1.37,2.6,5,3.5,3.2,2.8,4.4,2.75,2,1.65,0.9,0,0.35,0
2104,1.600,1.8,1.5,1.15,2.4,1.15,2.2,1.6,1.6,1.4,1.5,2,1.2,1.05,0.42,0,0,0,0
2105,2.760,1.8,3,3,3,3,1.5,1.4,2,2,1,1.2,0.75,0.75,1,1,0.85,0.68,0.6
2106,1.890,1.2,2,2.2,2.25,1.8,1.7,1.35,1.1,1.1,0.25,0,0,0,0.3,0.5,0.6,0,0
2107,1.374,0.65,0.55,0.87,2.8,2,1.8,1.6,2.6,1.2,0.5,0.35,0.35,0,0.3,0,0,0,0
2108,0.930,1,1,2,0.25,0.4,0.5,1.5,0.9,0.8,0.8,1,0.8,0.6,0.25,0.3,0.6,0,0.4
2109,0.376,0,0.2,0.2,1.2,0.28,0,0,0,0,0,0,0,0,0.22,0,0,0.2,0.3
2114,5.000,5,5,5,5,5,5,4,2.99,1.5,1,3,2.06,1.5,0.75,0.2,,,
2115,1.460,1.5,1,2.2,2.1,0.5,1.05,,,,,,,,,,,,
2201,0.676,0.58,0.5,0.9,0.7,0.7,0.8,1,1,0.35,0.08,0.6,0.84,1.5,1.85,2.35,1.5,0.2,0.7
2204,1.430,1.8,1.6,1.5,1.15,1.1,0.9,1.2,1,0.3,0,0.4,0.95,1.5,2,2.53,3.75,1.25,1.15
2206,0.610,1.02,1.03,1,0,0,0.45,0.45,0.1,0,0,0.5,1,1,1.35,0.57,0,0,0.5
2207,11.820,12,12,12,10.5,12.6,9,8,6,4,2.5,4.2,4.2,5.5,4,2.5,1.8,1.5,1.5
2208,0.300,0,0,0.5,0.5,0.5,0.8,1,1.8,1.1,1,0,,,,,0,,
2227,20.994,21,22,12.5,30,19.47,13.3,10.2,5.6,0,0,1.7,3.1,7.3,6.3,,,,
2228,4.292,5.24,4.75,4.47,3.5,3.5,2.2,7.41,1.5,1,1,,,,,,,,
2231,7.784,7.47,8.5,8.98,8,5.97,4,1.99,4,1,2,2,,,,,,,
2236,1.090,0.76,1.96,0.4,1.33,1,,,,,,,,,,,,,
2239,4.133,3.9,4.5,4,,,,,,,,,,,,,,,
2243,0.750,0.5,1,,,,,,,,,,,,,,,,
2301,2.542,2.92,2.92,2.19,1.97,2.71,2.34,2.27,2.87,2.25,1.4,2.95,3.29,2.36,2,1.4,1.4,1.26,0.5
2302,0.076,0,0,0.02,0.34,0.02,0,0,0.05,0,0,0,0,0,0,0,0,0,0
2303,0.566,0.71,0.5,0.57,0.55,0.5,0.41,0.5,1.11,0.5,0,0.75,0.7,0.41,0.1,0,0,0,0
2305,0.000,0,0,0,0,0,0,0,0,0,0,0,0,0,0,0,0,0,0
2308,5.500,5,5,5,6.7,5.8,5.29,3.49,5.2,4.2,3.5,5.5,4.5,3,2.41,2.25,2,1.25,2.25
2311,3.034,8.9,1.38,1.6,2,1.29,1.05,0.65,0.65,0.36,0.5,1.71,1.48,0,0.1,0,0,0,0
2312,0.182,0.31,0.3,0.3,0,0,0.1,0.1,0.1,0,0,0.6,0.5,0.5,0.7,0.7,0.5,0.2,0.5
2313,0.780,1.2,0.6,1,0.6,0.5,0.5,0.5,0,0,0,0.1,0.4,0,0,0,0,0,0
2314,0.064,0.2,0.12,0,0,0,0,0,0,0,0.43,0.75,0.65,0,0,0,0,0,0
2316,1.360,0,0,4.5,1.5,0.8,0.2,0,0,0,0,0,0,0.1,0.5,0.51,0,0,1.5
2317,3.220,2,4.5,4,3.8,1.8,1.5,1.5,1,2,1.1,3,3,3,2.45,2,1.5,1.5,1.5
2321,0.000,0,0,0,0,0,0,0,0,0,0,0,0.8,0.8,0.8,0.4,0.3,0,0
2323,0.000,0,0,0,0,0,0,0,0,0,0,0,0,0,0,1,0,0.4,0.3
2324,1.220,1.2,1.2,1.2,1.5,1,1.01,1.4,2.71,2.37,1.5,2.4,1.7,1.47,1.09,2.05,1,0.5,0.5
2325,2.370,1.5,1.75,3.8,3,1.8,1.65,1.42,1.62,2.58,1.8,4.5,3.35,1.66,0.75,0.35,0,0,0
2327,4.792,14.86,3,2,4,0.1,0,0,0.1,0.15,0.1,0.31,0.5,0,0,0,0,0,0
2328,0.488,0.8,0.7,0.35,0.29,0.3,0.3,0,0.3,0.3,0.2,0.7,0.4,0.5,0,0,0,0,0
2329,0.000,0,0,0,0,0,0,0,0,0,0,0,0,0,0,0,0,0,0
2330,5.700,8,7,6,4.5,3,3,3,3,3,3,3.03,3,2.5,2,0.6,0,0,0
2331,2.200,1,0,2,5,3,0.5,2.47,0,0.5,0.25,0.47,0,0.45,0,0.5,1,0.5,0
2332,0.320,0,0.3,0.3,0,1,1,1.1,1.32,1,0.5,2.5,2.3,1.2,2,1.53,1.5,1,0.5
2337,0.200,1,0,0,0,0,0,0.38,1.7,1.49,0.69,1,0.18,0,0,0,0,0,0
2338,0.280,0,0,0.3,0.5,0.6,0.37,1.01,0.73,0.28,0.65,1.5,1.38,1.57,1.16,1.31,1.02,0,0
2340,0.978,1.35,1.19,1,0.75,0.6,0.45,0.6,1,0.25,0.25,0.99,0,0,0,0,0,0,0
2342,0.000,0,0,0,0,0,0,0,0,0,0,0,1,0.5,1,0,0,0,0
2344,0.340,1,0.6,0.1,0,0,0,0,0,0,0,0,0.3,0,0,0,0,0,0.1
2345,2.236,4.13,3.1,1.96,1.08,0.91,1.49,1.47,1.41,1.1,0.66,0,0,0,0,0,1.04,0,0
2347,2.160,2.2,1,1.5,3.3,2.8,2,4,2.25,2.4,1.3,2,1.75,1.5,1,2,1.5,1,0.5
2348,0.820,3.6,0,0,0.5,0,0,0,0,0,0,0,0,0,0,0,0,0,0
2349,0.000,0,0,0,0,0,0,0,0,0,0,0,0,0,0,0.26,0,0.1,0.5
2351,2.160,2.5,2.5,2,2.2,1.6,1,0.3,1.8,1.2,0.3,1.8,2,1,0.8,0,0,0,0
2352,0.764,1.35,1.32,0.55,0.6,0,0,0,0.5,0,0,0.1,0,0,1.5,2,1.5,0.8,1
2353,0.340,0.7,0.5,0.5,0,0,0,0,3.65,3.1,2,3.6,3.85,3,2.3,2.52,2.07,1.01,2
2354,2.780,3.6,3.8,3,2.5,1,1,1,1,0.8,0.8,4,3.5,1.5,0.5,0,0,0,0
2355,2.570,2.25,3.2,2.6,2.2,2.6,2.2,1.6,1.25,1.5,0.6,2.27,1.64,1.72,1.25,1,1,0.97,0.5
2356,1.570,1.65,1.45,1.4,1.75,1.6,0.8,0.3,1,1,1,1.3,1.5,0.8,0.7,1.2,0.5,1,0.5
2357,16.700,15,17,15,17,19.5,19.17,14.5,14,2.1,2,2.49,1.49,1,1.5,1.5,1.25,4,2.5
2358,0.000,0,0,0,0,0,0,0,0,0,0,0,0,0,0,0,0,0,0
2359,0.800,1,1,1,1,0,0,0,0.3,0,0,0,0,0,0,0,0,0,0
2360,3.036,4.48,3.22,2.37,2.61,2.5,2,2.5,3.8,2,2.01,3.59,2.45,2.11,1.71,1.21,0.7,0.5,0.5
2362,1.664,0.84,0.71,1.12,2.5,3.15,2,1.5,1.01,1.5,0,0.5,0,0,0.5,0.5,0,0,0
2363,0.000,0,0,0,0,0,0,0,0.19,0.76,0,0,0.07,0.11,0,0,0,0,0
2364,0.000,0,0,0,0,0,0,0,0,0,0,0,0,0,0,0,0,0,0
2365,0.212,0.3,0,0.17,0.39,0.2,0.2,0,0.24,2.85,1.32,3.51,2.49,2.09,1.52,2.46,1.92,1,0
2367,0.420,0.3,0,0.7,0.7,0.4,0,0.7,0.15,0,0,2,1.47,0.3,0.25,0,0,0,0.3
2368,0.000,0,0,0,0,0,0,0,0.15,0,0.04,0.1,1.3,1.2,0.49,0,0,0,0
2369,0.500,0.5,0.5,0.26,0.53,0.71,0.71,0.66,1.22,0.67,0.2,0.82,0.49,0,1.02,0.39,0,0.1,0.1
2371,0.000,0,0,0,0,0,0,0,0,0,0,0,0,0,0,0,0,0,0.2
2373,3.750,6,3.25,3.2,3,3.3,3,2.8,2,2,1.09,1.27,1.4,1.55,0.86,0,1,0,0
2374,1.060,0.8,0.9,1.5,0,2.1,2.2,1.8,3,3.6,1.5,3.28,1.76,1.51,0,1.04,0.9,0.6,0.5
2375,0.848,3,0,0,1.14,0.1,0,0,0,0,0,0,0,0,0,0.4,0.6,0.5,0
2376,2.960,4,2.6,2.5,2.7,3,2,2,2.5,2.5,1,0.99,0.6,1.3,2,2.5,2.5,2.5,2
2377,3.500,4.5,4.5,3.5,3,2,1.1,1.05,0.53,0.5,0.5,0.8,0.6,0.5,0.2,1,0.98,1,1.5
2379,5.100,5.5,5,4,6,5,3.4,2.3,2.5,3.85,1.6,3,3.5,1.75,1.5,1.8,1.75,0.5,0.5
2380,0.000,0,0,0,0,0,0,0.25,0.4,0.2,0.3,1.05,0.94,1.81,0.94,2.07,1.04,1.25,1
2382,3.700,3.4,3.5,3.8,4,3.8,4,4,3.6,3.68,3.5,3.5,2.5,2.49,2.5,2.01,2,2.5,2
2383,3.618,4.8,4.7,4.29,2.5,1.8,1.79,1.8,1.73,0.7,0.19,0.2,0.39,0,0,0,0,0,0
2385,4.450,4.45,4.25,4.3,4.65,4.6,4.1,4,4,3.5,2.47,3.5,2,1,1,2,1.6,0,0
2387,0.332,0.4,0.48,0.48,0.15,0.15,0.15,0.3,1.4,1.3,1.21,1.1,1,0.5,0.5,0.5,0.5,0.25,0.09
2388,0.000,0,0,0,0,0,0,0,0,0,0,0,0,0,0,0,0.5,0.8,1
2390,0.152,0,0.06,0.2,0,0.5,0,0,0,0,0,0,0,0,0,0,0.6,0.15,0.3
2392,2.100,2,1.5,2,2,3,2.5,2.5,2.49,2.4,2.8,2.5,3,1.16,1.5,1.5,1.5,1,0
2393,3.190,2.99,3,3,3.99,2.97,1.2,2.5,3.6,4,3.2,3.9,4.19,3.5,2.6,2,1.2,0,0
2395,6.036,6.6,6.3,6,6,5.28,4.89,4.96,3.5,4,3,4,4.01,4,3.67,2.48,1.47,1.5,1
2397,3.186,4.2,4.5,2.85,2.58,1.8,1.5,1.5,1.03,2.58,3.7,4.3,4,3,0.8,1,1,2,1.2
2399,0.280,0.8,0,0,0,0.6,0.5,1.5,1.27,1.7,0,1,0.8,0,0,1,0,0,0
2401,0.538,0.7,0.5,0.89,0.6,0,0,0,0.81,0,0,2.5,3.98,1.99,1.99,1.5,2,1.5,1
2402,0.530,0,0,0,2.05,0.6,0.5,0,0,0.78,0,0.8,1.5,0,1.49,0.72,0,0.5,0
2404,4.280,6,6,4.5,2.5,2.4,1.8,3,3.97,1.51,0.97,2.9,2,2,1.98,2.12,1.5,0.8,1.4
2405,0.164,0,0.12,0,0,0.7,0.5,0,0,0,0,0.2,0,0.38,0.26,1,0,0,0
2406,0.000,0,0,0,0,0,0,0.5,1.5,0.5,0,0,0,0,0,0,0,0,0
2408,1.962,3.51,1.5,2.8,2,0,0,0,0,0,0,0,3.29,0.2,0.5,0,0,0,0
2409,0.612,1.5,0.56,0.35,0.5,0.15,0,0,0.4,0,0.3,2.5,0.2,0.3,1.2,1.2,0.5,0,0
2412,4.924,4.8,4.94,5.49,4.86,4.53,5.35,5.46,5.52,4.06,3.83,4.26,3.58,4.3,4.7,4.5,4,3.5,5.8
2413,0.100,0,0,0.5,0,0,0,0,0.5,0,0,0.25,0.3,0,0,0,0.3,0.5,0.4
2414,1.230,1.4,1.3,1.25,1.2,1,1.15,1.35,1.32,1.32,1.38,1,0.44,0.5,0.44,0.18,0,0,0
2415,0.900,1,0.9,0.8,1,0.8,0.65,0.5,0,0,0.25,0.9,0.6,0.61,0.76,1.5,1.66,1.2,1
2417,0.100,0.1,0.1,0.1,0.1,0.1,0.4,2,3.17,2.7,2.4,2.2,2,1.37,1.57,1.52,0.79,0.51,0
2419,0.936,1.23,1.77,0.75,0.51,0.42,1.2,1.32,1.19,0.8,0.51,0,0,0,0,0,0,0.37,0.44
2420,2.900,2.7,3,2.5,3.5,2.8,2,2,1.8,1,0.8,1.5,1.5,1,0.9,0.96,0.9,0.5,0.5
2421,1.600,2.3,2,1.5,1.2,1,1,1.54,2,0.95,0.2,0.2,0.48,0.1,0.3,0.3,0.1,0.3,0
2423,0.830,1.5,1.2,0.7,0.5,0.25,0.5,1,0.75,0.5,1,1.5,2,1.5,1.5,1.01,1,0.75,1
2424,0.000,0,0,0,0,0,0,0,0,0,0,0,0,0,0,0,0,0,0
2425,0.222,0,0.15,0.3,0.36,0.3,0.5,0,0,0,0,0,0,0,0,0,0,0.2,0.2
2426,0.702,0.7,0.89,1.02,0.9,0,0,0,0.5,0.32,0,0.6,0.59,0.43,0.51,0.21,0.1,0,0
2427,0.160,0.25,0.2,0.1,0.25,0,0,0.36,0,0,0,0,0,0,0,0.5,0,0,0
2428,2.780,4,3.3,2.5,2.1,2,1.9,1.6,2.4,2,1.05,1.7,0.9,0.6,1.5,0.8,0.6,0.3,0.2
2429,0.000,0,0,0,0,0,0,0,0,0,0,0,0,0,0,0,0,0,0
2430,1.394,1.36,2,1.21,0.4,2,2,4.5,4.5,3,1.5,0.5,0,2.2,2.4,2.2,2,1,0
2431,0.244,0,0.77,0.27,0.18,0,0,0,0.2,0.3,0,0,0,0.5,0,0.7,0.85,0.2,0.3
2433,3.340,3.5,2.7,3.3,3.2,4,2.5,4.35,2.18,1.44,2.25,2.59,0.55,1.08,0.8,0.35,0,0,0.5
2434,0.000,0,0,0,0,0,0,0,0,0,0,0.45,0.4,0.8,0.5,0.21,0.15,0.2,0
2436,0.536,0.6,0.5,0.5,0.9,0.18,0.3,0,0.75,0.8,0,0.1,0.3,0.25,0.32,0.84,0.6,0.6,0.8
2438,0.000,0,0,0,0,0,0,0,0,0,0,0.22,0.3,0.3,0,0,0,0,0
2439,7.288,15.82,8.88,3.24,4.8,3.7,2,1.51,3.75,3.26,2.62,4.28,2.98,2.48,3.36,1.57,1,1.2,0.6
2440,0.000,0,0,0,0,0,0,0,0,0.67,0,0.4,0,0,0,0,0,0,0
2441,2.590,3,2.75,2.4,2.8,2,1.6,1.2,2,1.8,1.6,3,2.8,2.2,2.09,1.73,1,0.3,0
2442,0.028,0,0.01,0.05,0.03,0.05,0.05,0,1.3,0,0,0,0,0,0,0,0,0,0.48
2443,0.000,0,0,0,0,0,0,0,0,0,0,0,0,0,0,0,0,0,0
2444,0.236,0.1,0.43,0.15,0.5,0,0,0,0,0,0,0.5,0,0,0,0,0.3,2,2
2448,0.416,0.8,0,0,0.83,0.45,0.54,1.1,4.48,1.8,0.12,2.4,1.73,1.49,0.5,2.17,1.3,0,0
2449,1.580,1.8,1.8,1.2,1.8,1.3,1.1,0.67,1.1,0,0.1,0.6,1.1,0.71,0.98,0.18,0,0,0
2450,3.142,3.17,3.98,3,1.56,4,3.99,4.48,3.97,3.46,3.95,2.95,0.9,0,0,0.3,1,1,0
2451,6.660,6,6,6.8,7.8,6.7,6.5,5.5,3,5.99,3.25,3.97,3.56,2.99,3.99,3.48,3.3,0.5,1.86
2453,0.580,0.7,0.5,0.5,0.6,0.6,0.5,0.5,0,0.35,0,0,0,0,0.06,0.3,0,1,0.5
2454,13.500,10,9.5,11,22,15,9,9,20,26,14,19,15,11,10,8.55,8,4,1
2455,2.242,2.5,2.53,2.18,2,2,2.5,2,0.5,0.5,0,0,0,0,0,0,0,0,0
2456,2.370,1.95,4,3.2,2.5,0.2,0.2,0.4,1.2,0.5,0.3,1,1.3,1.19,1,0.8,0.8,1,1
2457,0.194,0,0,0,0.48,0.49,1,3.59,3.85,2.83,0.78,0.7,1,0.75,0,0.55,0.8,0.7,0.5
2458,2.674,2.58,1.57,2.03,3.66,3.53,3,1.04,1.55,0.9,0.36,1,0.41,0.44,1.03,1.39,1.24,1.03,0.5
2459,2.426,3,2.6,2.5,2.53,1.5,2,1.8,2.5,1.6,1.2,1.65,2.35,2.11,1.95,2.04,1.7,1.5,0.7
2460,0.040,0,0,0,0.2,0,0.23,0.8,1.2,1.5,1.2,1.2,1.63,0.14,1,0.7,0.4,0.27,0.25
2461,0.590,0.56,0.82,0.5,0.42,0.65,0.41,0,0.2,0.35,0.2,0.72,1,0.51,0,0,0.19,0.26,1
2462,0.660,0,0.6,0.2,1.1,1.4,2.5,2.5,2,3,1.08,1.2,0.95,1,0.9,1,0.3,0.4,0.3
2464,1.640,1.5,1.8,2.3,1.1,1.5,1,1,2.2,1.6,2.1,3.2,3,1.98,1.37,0.4,0.7,0.3,0.4
2465,0.000,0,0,0,0,0,0,0,0,0,0,0,0,0,0,0,0,0.2,0
2466,0.000,0,0,0,0,0,0,0,0,0,0,0.4,0.35,0.4,0.3,0,0,0,0
2467,0.960,1.5,0.5,0,1.3,1.5,1.5,1.81,2.04,1.24,0.25,1.22,1.72,0.94,0.79,0,0.4,0,0
2468,0.440,0.4,0.5,0.5,0.5,0.3,0.1,0.5,0.7,0.7,0.7,1,0.5,0.25,0.2,0,0,0,0
2471,1.116,1,1.34,1.04,1.2,1,1.5,1.2,1.2,0,0,0,0.6,0,0,0,0,0,0
2472,2.180,2.2,2.4,2.5,1.8,2,0.74,0.7,0.6,0,0,0.14,0.07,0.12,0,0,0,0,0
2474,8.580,12,10,10,6,4.9,6,5,3.68,2,1,4,3,1.99,0.92,3,0.6,0,0.5
2475,0.000,0,0,0,0,0,0,0,0,0,0,0.4,0,0,0.54,0,0,0,0
2476,1.522,1.6,1.7,1.53,1.5,1.28,1,0.7,1.2,1,1.13,1.3,1.2,0.8,0.51,0.5,0.51,0.6,0.6
2477,1.280,1.3,0,1.1,1,3,0.6,0,0.8,0.25,0.25,1.32,0.8,0.6,0.75,1.8,1,1.2,1.5
2478,0.408,0.8,0.5,0.2,0.4,0.14,0.15,0.3,1,0.59,0.4,0.3,0.2,0.7,0.6,1.2,0.5,0,0.5
2480,2.144,2.62,2.1,2,2,2,2,1.9,1.87,1.8,1.69,1.2,1.2,1.07,1.2,1.52,1,1,1
2481,0.420,0,1,0.9,0.2,0,0,0,1.2,0,0.4,0.2,0.49,0,0.2,0.3,0.26,0,0.5
2482,0.094,0,0.32,0.15,0,0,0,0,0,0.5,0,0.82,0,0.5,1.4,0.83,0.8,0.3,0
2483,1.340,1.3,1.3,1.3,1.3,1.5,0.3,0.3,0.82,0.51,0.31,0.81,1.19,0.8,0.8,0.2,1,0.6,0.5
2484,1.000,1,1.2,1.2,1,0.6,0,0,0.25,0,0.3,1,0.73,0.45,0.31,0,0,0,0
2485,1.380,0.4,1.4,2,1.5,1.6,1.3,2,2.5,2.5,3,2.71,1.5,0.6,0.2,0.54,0.4,0.2,0.51
2486,0.300,0,0,0,0.75,0.75,0.5,0,1.25,2.49,1.1,1.75,1.5,0.26,0.17,0,0,0,0.16
2488,2.240,1.9,3.5,2.2,1.6,2,0.6,0.6,1.2,0.7,1,1.8,1.5,0.8,1.8,2.3,2.5,1.5,1
2489,1.462,0,1.7,1.8,1.6,2.21,2.49,2,1.98,1.98,0.8,0.78,0.72,0,0.55,1.03,0.8,0.6,1
2491,0.000,0,0,0,0,0,0,0,0,0,0,0,0,0,0,0,0,0,0.5
2492,1.256,4.02,1.21,0.75,0.3,0,0,0,0.13,0,0,0.41,1.99,0.53,0.2,0.2,0.26,0,0
2493,2.230,1.75,2.3,2.3,2.8,2,2.3,2.9,1.5,0,0.25,0.7,0.7,0.7,0.3,0,0.3,1,1
2495,0.590,0.4,0.9,0.9,0.6,0.15,0.35,1,2.2,2.5,3.2,3.51,3.01,4.03,4,2.5,1,0.7,1.9
2496,1.800,6.5,2.5,0,0,0,0,0,0,0,0,0,0,0,0,0,0,0,0
2497,1.400,0,0.5,1.5,3,2,0.6,0,0,0,0,0.1,0,0,0,0,0.2,0.17,0.22
2498,0.076,0,0,0,0.38,0,2,40,37,26,27,34,27,14,5,3,2,1,0
2499,0.342,0,0,0.3,1.01,0.4,0.2,0,1.3,2.09,0,0.15,0.1,0.4,0.97,0.8,0.2,0,0
2501,0.940,1.2,1.5,0,1,1,1,1,0.5,0.5,0,0.5,0.75,0,0,0.17,0,0,0.5
2504,0.200,0.5,0,0.1,0.4,0,0.2,0.2,0.3,0.1,0.05,0.1,0.3,0.3,0,0,0,0,0
2505,0.230,0.25,0,0.4,0.1,0.4,0.29,0.3,0,0,0,0.3,0,0,0,0,0,0,0
2506,0.212,0.15,0.1,0.2,0.4,0.21,0.1,0.1,0,0,0,0,0,0,0,0,0,0,0
2509,1.180,0.4,1.2,1.6,1.2,1.5,1,2,2,2,1.5,2.03,0.94,0.6,0,0,0,0,0.34
2511,0.770,0.65,1,1.1,0.8,0.3,0.5,0.5,0.9,0.2,0,0.3,0.55,1,0,0,0,0,0
2514,0.302,0.25,0.35,0.21,0.3,0.4,0.2,0,0.6,0.5,0,0.5,0.6,0.2,0.1,0.4,0,0,0
2515,0.178,0.19,0.19,0.2,0.17,0.14,0.14,0.12,0.13,0.13,0.12,0.22,0,0.16,0.1,0,0,0,0
2516,0.190,0,0.25,0.3,0.3,0.1,0.31,0.3,0.14,0,0,0,0,0,0,0,0,0,0
2520,1.120,0.5,1.1,1,2,1,0.99,0.99,1,1,0.5,0.5,0.5,0,0,0,0,0.3,2
2524,0.560,2,0,0,0.8,0,0,0.5,0.2,0.2,0,0,0,0,0,0,0,0,0
2527,1.000,0.8,0.8,1.1,1.5,0.8,0.65,0.8,0.4,0.3,0.3,0.35,0.4,0.35,0,0,0,0,0
2528,0.100,0,0,0,0.2,0.3,0,0,0,0,0,0,0,0,0,0,0,0,0
2530,0.480,0,0.8,1.6,0,0,0.15,0.3,1.1,0.6,0,0,0,0,0,0,0,0,0
2534,0.980,2,1,0.5,0.4,1,1,1.2,1.5,0.3,1,4,3.3,0.52,0,0,0,0,0
2535,1.636,1.6,1.58,1,1.5,2.5,2.1,1.6,1.6,1.2,0.9,1.2,0.7,0,0,0,0,0,0
2536,1.832,1.5,2.1,2.6,2,0.96,1.7,1.5,1,3.3,2.5,2.7,2.1,1.7,1.4,0.17,0,0,0.5
2537,0.320,0,0.4,0.8,0.2,0.2,0,0,0,0,0,0,0,0,0,0,0,0,0
2538,1.208,0.8,1,1.3,1.24,1.7,1.47,1.3,1,0.6,0.6,0.61,0.6,0,0,0,0,0,0
2539,1.100,1.5,1.6,1.1,1,0.3,0.15,0.14,0.13,0.04,0,0,0,0,0,0,0,0,0
2540,0.000,0,0,0,0,0,0,0,0,0,0,0,0,0,0,0,0,0,0
2542,4.100,3.5,5,6,4,2,3,3,6.1,5.04,2.3,3.01,0.45,0.2,0.1,0,0,0,0.2
2543,0.122,0,0.3,0.31,0,0,0,0,0,0,0,0,0,0,0,0,0.2,0.5,0.5
2545,3.040,1.5,4.5,1.2,4,4,7.5,3,1.5,2.5,0,1,7,3,1,0,0.6,0,0.6
2546,1.432,2.16,1.5,1,1.5,1,1,0.5,2.86,2.9,0.5,0.5,0.5,0,0,0,0,0.3,0.6
2547,0.400,0,0,0,1,1,0.8,1.2,2.4,1.2,0,0.5,0.13,0.08,0.2,0,0.2,0.5,0
2548,5.360,5.2,5.6,5.5,5,5.5,5,5.6,6.19,5.96,4.91,5.5,4,3.6,2.01,0.2,0.5,1.2,2
2597,5.070,2.35,4,4.6,7.5,6.9,1.9,1.4,1.9,4.5,1.5,1.35,,,,,,,
2601,0.050,0,0,0,0.25,0,0.25,0.5,1.01,1.01,1.03,1.02,0,0,0,0,0,0,0
2603,0.060,0.2,0,0,0.1,0,0,0,1,0,0,1.7,0.3,1.8,2,0.6,0.2,0.3,0.4
2605,0.880,0.6,0.7,1,1,1.1,1.25,1.5,2.5,3,2.5,3.5,5,3.2,5,1,0.5,0.5,0.8
2606,1.430,1.2,0.75,1,2.2,2,2.5,3,5,5,6,8.5,5,5,4,2,0.5,0.7,0.8
2607,0.340,0.35,0.35,0.35,0.35,0.3,0.3,0.3,0.7,0.5,0,0.7,0.9,0.9,0.7,0.5,0.4,0.3,0.2
2608,1.544,1.6,1.5,1.72,1.5,1.4,1.1,0.9,0.7,0.53,0.51,0,0,0.24,0,0,0,0,0.1
2609,0.000,0,0,0,0,0,0,0,1.25,0,0.15,1,0.32,2.5,2.98,2.29,0.6,0,0.3
2610,0.136,0.22,0,0.46,0,0,0,0,0.4,0,0,0,0.12,0,0.2,0.1,0,0.15,0.3
2611,0.172,0.1,0,0.15,0.2,0.41,0.5,0,0,0.2,0,0.5,0.6,0.3,0.3,0.4,0.5,0,0
2612,0.800,0.5,0.5,0.2,1.3,1.5,1,2,3.2,6,6.8,6,2,1,0.5,1,0.1,0,0.96
2613,0.154,0.33,0.07,0.04,0.18,0.15,0,0,0,0,0,0,0,0,0,0,0,0,0
2614,0.100,0,0,0,0,0.5,0,0,0,0,0,0.59,0.25,0.5,0,0,0,0,0
2615,0.980,0.5,0.4,1.2,2,0.8,0.8,0,1.06,0,0,2.2,1.09,2,2.49,2,1,0.4,1.09
2616,1.812,2.51,2.06,1.49,1.5,1.5,1.5,1,1.51,1.01,0.5,0.84,0.5,0.81,0.6,0.5,0.5,0.3,0.5
2617,0.474,0.7,0,0.22,0.65,0.8,0.8,1.5,2.2,2.2,4.25,3,1.8,1.96,1.75,1.1,0.8,0.5,0.26
2618,0.140,0.2,0.2,0.3,0,0,0,0,1,0,0,0,0,0.19,0.49,0,0.2,0,0.3
2630,0.810,1.25,1.55,0,1,0.25,0.9,0.35,0.1,0.6,0.2,,,,,,,,
2633,0.400,0.75,0.6,0.65,0,0,0,0,0,0,0,0,0,0,0,0,,,0
2634,0.882,1.13,1,1.36,0.92,0,0,0,,,,,,,,,,,
2636,1.192,1.3,0.8,1.8,1.3,0.76,0.4,0.59,2.21,0.5,1.23,1,1.5,,,,,,
2637,1.884,1,1,2.5,2.92,2,1.75,1.5,1.5,1.5,,,,,,,,,
2642,0.940,1.05,0.45,0.6,1.1,1.5,0.6,,,,,,,,,,,,
2701,0.194,0.24,0.25,0.2,0.16,0.12,0.13,0.1,0.1,0.09,0.07,0.13,0.22,0.25,0.1,0.11,0.17,0.11,0.2
2702,0.104,0,0.15,0.12,0.15,0.1,0.2,0.3,0.21,0.15,0,0,0,0,0,0,0,0,0
2704,0.600,0.4,0.7,0.7,0.7,0.5,0.4,0.5,0.4,0.2,0.5,0.68,0.8,0.7,0.3,0,0,0,0
2705,0.044,0,0,0.05,0.17,0,0,0,0,0,0,0,0,0,0,0,0,0,0
2706,0.196,0.28,0.2,0.18,0.18,0.14,0.15,0.11,0.1,0.12,0.1,0.14,0.24,0.11,0.14,0.13,0.21,0.18,0.14
2707,8.346,6.91,8.17,8.87,9.51,8.27,8.79,10.85,9.44,8.7,10.73,14.63,12.88,3.87,2.77,2.49,4.2,0.96,1.28
2712,0.602,0.11,0.5,0.85,1,0.55,0.4,0,,,,,,,,,,,
2722,0.520,0.4,0.5,0.5,0.5,0.7,0.7,0.7,0.5,0,,,,,,,,,
2723,3.200,6,5,2.5,1.2,1.3,5,4,3.5,2,1.36,,,,,,,,
2727,6.072,5.5,3.5,1,8.09,12.27,13.67,10.24,10,,,,,,,,,,
2731,4.400,5.2,4,4.6,4.2,4,1.8,0.2,2.6,,,,,,,,,,
2739,1.925,1,2.2,2.3,2.2,,,,,,,,,,,,,,
2748,2.583,2.75,2.5,2.5,,,,,,,,,,,,,,,
2801,0.404,0.45,0.42,0.35,0.2,0.6,0.1,0.2,0.28,0.3,0.6,0.9,1,0,0.3,0,0,0.2,0.3
2809,1.300,1.5,1.5,0.5,1.5,1.5,1.5,0,0,0,0,0,0,0,0.2,0,0,0,0
2812,0.388,0.45,0.55,0.5,0.25,0.19,0.1,0.05,0,0,0.1,0.4,0,0,0,0,0,0,0
2816,0.392,0.7,0,0.1,1.16,0,0,0,0,0,0,0,0,0,0,0,0,0,0
2820,0.760,0.71,0.84,0.83,0.72,0.7,0.8,1.5,0.81,0.86,0.89,0,0,0.88,1.05,1.03,0,0,0.57
2823,0.600,0.8,0.8,0.6,0.4,0.4,0.2,0,0.7,0.8,0,0,0,0,0,0,0,0,0
2832,1.040,1.1,0.9,1.2,0.9,1.1,1.1,1.16,2,1,0,2.68,1.95,1.35,1,0.5,0.5,0.81,0
2834,0.094,0.27,0.1,0.1,0,0,0,0,0,0,0,0,0,0,0,0,0,0,0.2
2836,0.162,0.13,0.6,0.03,0.03,0.02,0.02,0,0.02,0,0,0.1,0.6,0.5,0.5,0.5,0.5,1.3,1.5
2838,0.302,0.4,0.45,0.4,0.26,0,0,0,0,0,0,0,0,0,0,0,0,0,0.2
2841,0.120,0,0,0.2,0.2,0.2,0,0,0,0,0,0,0,0,0,0,0,0,0
2845,0.382,0.44,0.42,0.4,0.4,0.25,0.23,0.25,0.25,0.1,0,0,0,0.15,0.52,0.39,0,0.2,0.2
2849,0.600,0.6,0.6,0.6,0.6,0.6,0.6,0.6,0.6,0,0,0,0,0,0,0,0,0,0
2850,1.394,1.82,1.51,1.57,1.07,1,1.2,1.47,1.5,2.98,0,1,0.4,0.7,0.5,0.25,0,0.5,0.77
2851,0.920,1,0.5,0.7,1.2,1.2,0.5,0,1,1.5,0,1,0.5,0.8,0.8,0.9,0.9,0.7,1.09
2852,0.546,0.6,0.65,0,0.38,1.1,1.5,0.2,2,0.64,0,0.35,0.95,0.2,0.75,0.5,0.6,0,0
2855,0.590,1.2,0,0.2,0.81,0.74,0.52,0,0.47,0.82,0,1,0.9,0.63,0.87,1,0.5,0.4,0
2856,0.310,0.26,0.1,0.4,0.46,0.33,0.32,0.3,0.69,0.65,0,0.23,0.35,0.16,0.31,0.37,0.22,0.25,0.34
2867,0.060,0,0,0,0.3,0,0,0,0.22,0,0,,,,,,,,
2880,0.630,0.5,0.7,0.63,0.62,0.7,0.5,0.5,0.3,0.2,0.7,1,1,1.4,0.7,0.2,0,0.2,
2881,2.160,2.3,2,2,3,1.5,1,1,1,2,0,1.5,1,1.15,1.7,1.6,1.2,1,
2882,2.000,2.5,2,2,2,1.5,0.7,0.5,0.6,0.5,0,2.5,1.5,1.49,2.5,2,1.5,1.5,
2883,0.520,0.6,0.5,0.5,0.6,0.4,0.18,0,0.59,0.5,0,0.2,0.7,0.2,0,0,0.08,0,
2884,0.448,0.61,0.49,0.43,0.43,0.28,0.3,0.2,0.2,0.2,0,0.4,0,1,1.1,1.09,0,0,
2885,0.528,0.56,0.45,0.36,0.62,0.65,0.55,0.2,0,0.9,0.18,0.65,0,0,0.51,0.4,0.45,,
2886,1.386,1.5,1.42,1.5,1.4,1.11,1.1,0.85,0.9,1,0.25,1.25,1.5,1.55,1.53,1.54,0.4,0,
2887,0.416,0.54,0.53,0.48,0.1,0.43,0.22,0.22,0.23,0,0,0.18,0,0,1.3,1.2,1,0.57,
2888,0.140,0.34,0.2,0,0.1,0.06,0.03,0,0,0,0,0.5,0.97,0.63,0.65,0.31,0,,
2889,0.396,0.65,0.55,0.26,0.29,0.23,0.18,0.3,0.4,0.2,0,0.2,0.6,1,1.4,1,0,,
2890,0.422,0.5,0.34,0.43,0.5,0.34,0.33,0.14,0.15,0.12,0,0.13,0.3,0.71,0.88,0.5,0.65,0,
2891,0.816,1.08,1,0.81,0.81,0.38,0.71,0.4,0.73,0.64,0.18,0.2,0,0.5,1,1.1,1,,
2892,0.850,0.9,1.2,0.95,0.7,0.5,0.45,0.4,0.3,0.5,0.5,1.7,1,1.25,0.75,0,0,,
2897,0.370,0.3,0.45,0.5,0.4,0.2,0.2,0.2,0.2,0.2,0,0.55,0.25,0.42,0.41,0.12,0,0.15,0
2901,0.420,0.41,0.38,0.49,0.44,0.38,0.43,0.4,0.27,0.31,0.28,0.17,0,0.2,0.2,0,0,0.21,0.15
2903,0.970,1,0.7,1,1,1.15,0.8,1,1,0.75,0.3,1.3,0.5,0.5,0.6,0.25,0,0.2,0.2
2904,1.870,1.2,1.35,2,2,2.8,2.6,4,1.15,0.87,0.5,0.06,0,0,0,0,0,0,0
2905,0.680,0.8,0.7,0.6,0.6,0.7,1,0.4,0.59,0.5,0,0.2,0.6,0,0.2,0.4,0.1,1.5,0
2906,0.580,0.4,0.4,0.5,0.9,0.7,0.6,1.25,0.66,0.75,0,0.74,0.74,0.75,0.77,0.74,0.83,0.83,0.17
2908,1.072,1.2,1.08,0.95,1.13,1,1.08,0.81,0.66,0.26,0.35,1,0.84,1.17,1.79,0.52,1.03,1,0.8
2910,0.380,0,0.5,0,0.7,0.7,1,1,0.8,0,1,1.2,1.2,1.5,1.1,0,0.3,1.2,1
2911,0.104,0.52,0,0,0,0,0.7,1,1,0.7,0.2,0.2,0.6,0.7,0.2,0,0,0.2,0
2912,10.640,25,8,7.2,7,6,4.85,4.8,4.9,3.6,2.04,3.2,3.5,3.4,3,2.64,1.78,1.12,1
2913,0.522,0.5,0.5,0.5,0.61,0.5,0,0.25,0.19,0.12,0,0,0,0,0,0,0,0,0
2915,3.478,4,0.79,1.6,6,5,3,1,1.3,1.3,0,1.01,1.07,0.3,0,0,0,0,0
2923,0.300,0.36,0.36,0.36,0.22,0.2,0.12,0,,,,,,,,,,,
2929,4.902,4.83,3.23,5.45,6.5,4.5,0,,,,,,,,,,,,
2936,1.667,0.3,4,0.7,,,,,,,,,,,,,,,
2939,12.850,15,10.7,,,,,,,,,,,,,,,,
3002,0.580,0.25,0.5,0.35,0.8,1,0.4,0.3,0.6,1.8,1,1.3,1.3,0.5,0.4,0.32,0,0,0
3003,1.256,1.8,1.5,1,0.99,0.99,0.7,0.5,0.2,0.2,0.1,1.46,1.49,0.3,1,1.2,1.2,1,1
3004,1.258,2,1.5,1.8,0,0.99,0.99,0.2,0,0,0,0,0,0,0,0.15,0,1,0
3005,1.960,2.5,3,2,1.3,1,0.5,0.7,0.4,1.18,0.99,1.41,0.57,0.84,0.47,0.2,1,1,0
3006,1.896,2.24,1.43,1.16,2.65,2,0.6,0.5,1,1,1,2.2,1.83,1,2.5,2,1.8,1.5,2.6
3008,55.800,72.5,63.5,63.5,51,28.5,17,17,13.5,10,10,9.8,11.4,7,4.5,6,5,3,0
3010,2.980,3.3,2.6,2.7,3.3,3,2.5,2.3,3.5,2.3,1.55,3.5,3.86,3.6,3,2.43,2,1.5,1
3011,0.000,0,0,0,0,0,0.1,0.1,0,0,0,0,0.2,0.51,0.2,0.74,0.35,0,0
3013,0.262,0.5,0.5,0.31,0,0,0,0,0.8,0.3,0.32,0.26,0.29,0.09,0.4,0.49,0.52,0.5,0
3014,2.124,2.5,2.93,2,2,1.19,1.2,0,1.5,2,1,2.99,2,1.69,0.5,1.21,0.51,0.5,1.1
3015,1.280,1.5,1.5,1.5,0.1,1.8,1.99,2,2.59,2.59,2,2,1.75,1.75,1.1,2.33,1.5,1,0
3016,0.120,0.5,0,0,0.1,0,0,0.2,0.3,0,0,0.59,1,0.2,0.1,0,0,0,0
3017,0.980,1.3,1.2,1,1,0.4,0.2,0.5,1.25,2,0.2,0.9,0,0,0.5,0.5,2,0,0
3018,0.102,0,0,0,0.51,0,0.4,0.4,0.4,0,0,0,0,0,0.8,0.7,1.4,0,0.5
3019,0.520,1.6,1,0,0,0,0,0,0,0,0.9,4,4.4,5,4.49,3.97,3,1,1
3021,0.470,0.75,0.7,0,0.7,0.2,0,0,0,0,0,0,0,0,0,0,0,1,1
3022,2.560,0.5,3,2,2.5,4.8,1.5,3,3,1.96,0.2,2.53,3.5,1.02,1.3,1.53,1.5,0,0
3023,3.210,4,3.7,3.1,2.75,2.5,2,1.69,1.7,1,1.1,1.01,2.3,2.8,0.55,2,1.5,0.5,0.4
3024,0.000,0,0,0,0,0,0,0,0.11,0,0,0.2,1,1.3,1.08,1.31,0.5,0.2,0.2
3025,0.158,0.13,0.27,0,0.15,0.24,0.6,0,0.61,0.6,0.35,0.61,0.92,0,0,0,0,0.2,0
3026,3.278,5.3,2.5,2.5,3.29,2.8,2,2,2.31,3,1.6,2.98,2.94,2.55,2.25,1.54,1.47,0.8,2.2
3027,0.122,0,0.01,0.15,0.3,0.15,0.15,0.3,0.1,0.9,0.2,2.06,1.35,0.6,0.8,1,0.7,0.6,0.5
3028,1.544,1.82,1.5,1.7,1.7,1,1.3,2.1,1.6,1.19,0.8,1.6,1.72,1.31,1,1.12,0.7,0.8,0.5
3029,0.952,1.3,1.2,1,0.41,0.85,0.8,0.7,0.7,0.5,0.5,0.6,0,0,0.19,0,0,0,0
3030,3.520,3,3,4,4.3,3.3,3.7,2.7,2.3,0.5,1,1.2,1.2,1,1,0.2,0.3,0,0
3031,0.514,0.85,0.8,0.07,0.5,0.35,0,1,1,0.9,0.6,1.7,1.28,0.55,0.75,0.6,0.8,0.2,0
3032,1.740,2,2.2,2,2,0.5,0.3,0,1,1,0,1.6,1.8,2,1,0.6,0.5,0.5,0
3033,1.562,1.31,1.06,1.5,1.94,2,1.5,2.5,2.16,1.77,0.91,1.55,1.7,1.18,1.03,1.57,1,0.35,1
3034,7.820,7.1,7,9,10,6,5.59,4.6,5.8,5,4.5,8.56,8,7.99,5.4,2.8,1.5,1,0
3035,1.844,2.7,1,2,1.52,2,2,1.5,1.5,2,1.49,3.49,3.27,3.3,3.1,2.23,0.5,0,1
3036,2.660,2.5,2.4,2.9,3,2.5,2.1,2.7,3.79,1.96,1.04,1.99,2.19,1.01,0.75,1.47,1.84,1,0.4
3037,0.440,0.5,0.3,0.3,0.5,0.6,1.1,1.5,2.6,1.4,0.7,2.2,1.6,1.2,0.58,0.3,0.26,0.1,0.2
3038,0.228,0.41,0.41,0.32,0,0,0,0,0,0,0,0,0.1,0.97,1,1.62,0.25,0,0
3040,4.200,9,5,3,3,1,0.2,0.4,0.4,0.3,0.31,1,0,0,0,0.82,1.2,1,1.5
3041,0.618,0,0,0,0.79,2.3,2,1.78,2.6,1.93,0.45,1.2,0.99,0.4,0,0,0.5,0,0
3042,2.500,2.5,2.8,2.5,2.5,2.2,2.2,2.2,2.5,2,2,1.98,1.94,1,0.48,0.3,0.1,0.2,0
3043,0.000,0,0,0,0,0,0,0,1.1,0,0,0.6,0.64,0.96,0.84,2.3,2.1,1.5,1
3044,3.550,5.25,4.25,3.25,2.75,2.25,2.5,3.6,4.3,2.7,2.2,2.4,1.6,1.4,1,0.99,1,0.3,0
3045,5.600,5.6,5.6,5.6,5.6,5.6,5.5,5.16,4.16,5.03,4.69,2.54,2.59,2.62,2.47,2.38,2,1.9,0
3046,0.000,0,0,0,0,0,0,0,0,0,0,0,0,0,0,1.01,1.53,1.5,1.5
3047,0.458,0,0.5,0.5,0.6,0.69,0.13,0,0.15,0.1,0.1,0.5,0,0,0,0,0,0,0
3048,0.798,1,0.5,1,0.99,0.5,0.5,0.68,0.71,1,0,1.4,0.75,0.3,2.1,2.1,2.9,1,0
3049,0.000,0,0,0,0,0,0,0,0,0,0,0,0,0,0.34,0,0,0,0
3050,0.340,0.6,0.3,0.8,0,0,0,0,0.2,0,0,0.26,0,0,0.1,0.83,0.8,0.2,0
3051,0.000,0,0,0,0,0,0,0,0,0,0,0,0,0,2.74,1.01,0.6,0,0.3
3052,0.580,0.7,0.3,0.5,0.4,1,0.4,0.8,0.6,0.8,0,0,0,0,0,0,0,0,0
3054,0.426,0.4,0.11,0,0.12,1.5,0,0,1.36,0.21,0,0,0,0,0,0.2,1,0,0
3055,0.826,0.8,0.82,1,1.2,0.31,0.3,0.35,2,1.2,0.4,2.39,2.2,2.29,2.5,1.8,1.6,1.5,3
3056,1.860,2,2.5,2.5,0.5,1.8,1,1,0,0,0,0,0,0,0,0,0,0,0
3057,0.778,0,0,0.3,1.99,1.6,0.39,0,0,0.77,0.58,0,0.08,0,0.1,1.91,1.75,0.5,0
3058,0.400,0,0.5,0.5,0.5,0.5,1.74,0.5,1.22,1.8,0.78,0.65,1.39,0,0,0.3,1,0.5,0.5
3059,0.658,0.49,0.8,1,1,0,0.99,1.5,2.02,2.83,1.99,2.49,2.91,2.48,1,1,1,0.5,
3060,2.040,0.6,1.5,3.8,2.2,2.1,4.48,3.6,4.1,2.31,1.56,3.1,3.49,3.6,3.8,2.9,1.2,1,0.7
3062,0.640,0.35,0.8,1,0.7,0.35,0.15,1.3,0.7,1.53,0.41,1,0.95,1,0.62,2,0.5,2.5,0
3090,1.800,2.5,2,2,1.5,1,0.3,1.6,1.85,1.75,2.2,2.88,1.5,1.5,0.77,0.5,0.5,1.5,5
3094,1.086,0.9,1.1,1.16,1.15,1.12,1,0.61,1.15,1.15,0.54,1.36,0.73,0,0,0,0,0,0
3130,8.282,9.6,10.81,8,7,6,4.56,6,6,4.55,4.23,5.67,7,7,5.38,1.73,5.01,2.3,
3149,0.000,0,0,0,0,0,1,1.8,0.2,0,0,0.13,0,0,0,0,0,,0
3164,0.000,0,0,0,0,0,0.5,1,2,1,1,0.6,0,0,0,0,0,,
3167,1.800,2.5,1.5,1.5,1.5,2,2.5,3,4,1,0.5,2.5,4,1,0.2,0,0,0,0
3189,3.100,1.5,3,3.5,4,3.5,3,3,3,2.3,2,4,3,1.28,1,0.55,0,,
3209,1.180,0.8,1.1,1.2,1.3,1.5,0.6,1.1,1.5,1.4,1.4,0.8,0.72,1.1,1,0.8,0,,
3229,0.000,0,0,0,0,0,0,0.32,0.4,0.1,0.1,0.1,1.5,1,1.5,1.35,1,,
3231,1.316,1.17,1.18,1.2,1.23,1.8,1.5,2.2,3.2,2.72,0.98,2.65,2.2,1.51,0,0.5,0.5,,
3257,1.410,0.5,0.65,0.65,2.75,2.5,1.5,1.57,2,0.8,,,,,,,,,
3266,0.200,0,0,0,1,0,0,0.8,0.8,0,0,0,1.16,1.5,2.1,0,0,,
3296,0.320,0,1.2,0.1,0.3,0,0.73,0,1,2.3,1,3.5,2.88,3.29,3,0,0.2,,
3305,1.678,1.03,2.36,1.04,2,1.96,1.82,2.84,1.87,2,1.27,1.3,2.69,1,0.4,0,,,
3308,0.000,0,0,0,0,0,0,0,0,0.68,1.2,3,2.49,1.98,1,2.5,,,
3311,0.572,0,0,0.59,1.27,1,3.4,5.1,6.15,4.4,2.85,4.35,3.74,3.67,3.2,1.5,,,
3312,0.000,0,0,0,0,0,0,1,0.45,1.66,0,0,0,0.7,0.9,0,0,,
3321,0.686,0,0,1.73,1.2,0.5,,,0,0,0,,,,,,,,
3338,1.502,0.3,2.2,1.51,2,1.5,1.5,1,0,0,0,0.5,0,0.3,0.5,0,,,
3346,1.320,2.5,3,0.5,0.3,0.3,0.2,0.3,,,,,,0,0.12,0.3,,,
3356,3.518,0,0.99,4,5.4,7.2,6.7,7,4.98,8,10,11,8.8,7.5,3.3,0,0,,
3376,3.300,2.5,3,4,4,3,4.47,1.5,3,5.5,3.77,4.47,2.5,1.5,0.5,0,,,
3380,1.020,1,1.04,0.5,1.2,1.36,1.15,1.34,1.5,1.28,0.8,2,1.61,1.49,1,0,,,
3383,0.000,0,0,0,0,0,0,0,0,0,0.49,0,0,0,,0,,,
3406,0.700,3.5,0,0,0,0,2,2.5,1.5,0,0,0,3,7,5,,,,
3413,3.000,6,4,4,1,0,0,0,0,0,0,0,0,0,0,,,,
3416,3.200,2.5,3,3.5,4,3,2.5,3,4,3.5,3.8,3,1.9,1.4,0.5,,,,
3419,0.084,0,0.42,0,0,0,0.07,0,0,0,0,0.5,0.2,0.22,0,0,,,
3432,0.560,2,0.1,0.2,0.5,0,0,0,0.5,0.11,0.52,0.3,,,,,,,
3437,1.300,0.6,0.35,1.5,1.55,2.5,0.5,,,,0,,,,,,,,
3443,3.500,5,3.5,3,3,3,3,3,2.99,2,3.43,3.29,1.27,0.35,0,,,,
3450,5.000,3,6.5,6.5,4.5,4.5,2,3,4,2,0.5,1.06,1.14,0.51,0,,,,
3454,4.830,4,4.75,4.5,4,6.9,6,4.98,2.38,0.96,1.2,2.44,4,1,0,,,,
3481,0.390,0.8,0.1,0.2,0.7,0.15,0,0,0,0,0.2,1.5,0.2,0,0,,,,
3494,0.058,0,0,0,0.29,0,0,1,0.48,1.28,1.2,0.85,1,0,,,,,
3501,3.360,3.2,4,4,2.6,3,3.2,3,3.8,3.5,1.49,2,2,1,,,,,
3504,0.784,0,0,0.56,1.48,1.88,2.1,3.9,3.75,3.3,3.3,2.6,1.6,0,,,,,
3514,0.000,0,0,0,0,0,0,0,6,0.4,0,0,0,,,,,,
3515,4.416,4,2,2.5,4,9.58,8,11,9,9.5,8,15,18.37,,,,,,
3518,0.910,0,0.51,1.04,2,1,0.4,0.5,2.5,5.5,3,7.04,6,,,,,,
3519,0.000,0,0,0,0,0,0,0,1.79,0.9,3.84,4.56,3,,,,,,
3528,2.240,2.3,2.4,2.3,2.2,2,1.8,1.8,1.78,2,2,2,0,,,,,,
3530,0.696,2,1.48,0,0,0,0,0,0,0,0,0.5,0.72,,,,,,
3532,1.030,2.08,0.67,1.1,1,0.3,0.1,0,0.4,0,0.9,1.45,0.41,,,,,,
3533,4.600,5.5,4,4.5,5.5,3.5,4.5,3.5,6.99,4,1.8,2,1.2,1.2,,,,,
3535,0.000,0,0,0,0,0,0,0,1.5,0,0.16,0.13,0.05,,,,,,
3536,0.000,0,0,0,0,0,0,0,0,0,0,1.04,0,,,,,,
3545,0.842,0.51,0.66,0.73,0.31,2,0.7,0.8,2.77,1.88,1.18,1.2,0.6,,,,,,
3550,1.200,1.5,1.5,1,1,1,0.5,0.5,2.5,2,1,2,2,,,,,,
3557,0.000,0,0,0,0,0,0,0,0,0.12,0,0.45,,,,,,,
3561,0.020,0,0,0,0.1,0,0,0,3,0.1,0.3,1.02,0,,,,,,
3576,0.100,0,0,0,0.2,0.3,0,0,4.61,0,1.1,0.2,,,,,,,
3579,0.000,0,0,0,0,0,0,0,1.79,2.2,6,25.02,,,,,,,
3583,1.908,2,2.02,1,1.52,3,1.5,0.5,0,0,,,,,,,,,
3588,1.502,0.5,1.5,1.5,2.01,2,2.2,2.5,4,3.5,2.4,2.7,,,,,,,
3591,0.210,0,0,0.32,0.31,0.42,0.83,3.01,3.5,3,1,1,,,,,,,
3593,0.000,0,0,0,0,0,0,0,1,2.8,1.9,2,,,,,,,
3596,2.360,2,3.9,1.6,2.2,2.1,1,1.5,1.1,2.3,3.14,2.48,,,,,,,
3605,0.658,0.4,0.6,0.4,1.2,0.69,1.2,3.5,3.52,2.99,3,3,,,,,,,
3607,2.768,0.8,1.5,4.2,4.15,3.19,2.94,3,4,4,3,4,,,,,,,
3617,4.498,5,4.75,4.5,4.23,4.01,3.8,3.59,3.47,3.2,2.5,1,,,,,,,
3622,0.060,0.3,0,0,0,0,0.5,0.5,5.49,10,5.48,0.47,,,,,,,
3645,1.040,1.5,1.2,0.5,1.5,0.5,1,1.2,0.7,0,0,,,,,,,,
3653,2.600,2,2,2.5,3.8,2.7,2.01,3.01,4,2.89,2,,,,,,,,
3661,0.476,1.07,0,0.47,0.66,0.18,0,0.15,1.01,,,,,,,,,,
3665,5.700,6.83,6.31,5.4,4.97,4.99,3.5,2,3.5,,,,,,,,,,
3669,0.418,0.4,0.88,0.2,0.41,0.2,0.48,1.5,3,4,,,,,,,,,
3673,1.690,3,0,0,0.47,4.98,20.91,19.73,0,,,,,,,,,,
3679,4.900,6,8,4,3.5,3,3.04,4,2.5,3.5,1.41,,,,,,,,
3682,0.092,0,0,0,0,0.46,0.7,0,0,0,,,,,,,,,
3686,0.000,0,0,0,0,0,0,0,1,0,,,,,,,,,
3694,0.000,0,0,0,0,0,0,0,1.5,1.5,,,,,,,,,
3698,0.630,0.2,0,0.65,1.06,1.24,0.43,0,1,0,,,,,,,,,
3701,0.000,0,0,0,0,0,0,0,0,0,0,0,0,0,0,,,,
3702,2.378,2.4,2.29,2.4,2.5,2.3,2.4,2.6,2.1,2,1.4,2.08,1.19,0.16,,,,,
3703,0.420,0.6,0.5,0.5,0,0.5,0.5,0.5,0.6,,0.35,1.2,2.7,1.5,1.2,0.8,0.8,0.36,0
3704,0.130,0,0.2,0,0.15,0.3,0,1.1,0.63,0,0.31,0.85,1.3,1.7,1.8,1.5,1,0,0
3705,2.000,2,1.5,2.5,2,2,1.8,2,1.8,1.5,1.5,2,2,2,1.5,1.5,1.5,1.5,1.5
3706,1.336,1.3,2.5,1.59,0.69,0.6,,,,,,,,,,,,,
3708,1.500,1.99,1.01,,,,,,,,,,,,,,,,
3711,2.500,2.5,,,,,,,,,,,,,,,,,
4104,2.436,2.79,2.5,2.39,2.5,2,2,1,2.5,1.98,1.93,5,2.8,1.3,1.2,1.76,2,1.8,1.61
4106,0.860,0.8,0.8,1,1,0.7,0.5,1.75,1.1,1.7,1.2,1.26,0.65,1,0.5,0,0,0,0
4108,0.000,0,0,0,0,0,0,0,0,0,0,0,0,0,0,0,0,0,0
4118,#DIV/0!,,,,,,,,,,,,,,,,,,
4119,3.020,2.15,4.2,3.84,3.11,1.8,2.68,1.58,2.6,2.59,2.68,2.9,1.2,1.04,1.18,0.75,0,,
4133,0.800,0.8,0.4,0.67,1.03,1.1,1.2,2,2,1.5,0,0,,,,,,,
4137,7.608,8.04,6.5,10,7,6.5,4.2,,,,,,,,,,,,
4141,0.500,0,1.2,0,0.7,0.6,1.1,1,,,,,,,,,,,
4142,0.000,0,0,0,0,0,0,0,0,0,,,,,,,,,
4144,2.144,1,1,1.5,3.62,3.6,3.2,4,0,,,,,,,,,,
4148,2.400,2.65,2.15,,,,,,,,,,,,,,,,
4155,1.044,1.52,1.55,1.55,0.2,0.4,0.4,1.64,0.55,,,,,,,,,,
4164,1.620,1.1,1,2,2,2,3,4,,,,,,,,,,,
4190,3.500,2.5,3.5,5,3,,,,,,,,,,,,,,
4306,0.418,0.6,0.3,0.5,0.25,0.44,0.49,0.99,0.64,0.64,0.27,0.3,0.49,0.41,0.4,0.72,0.6,0.5,1
4414,0.000,0,0,0,0,0,0,0,0,0,0,0,0,0,0.3,0.3,0,0,0
4426,0.528,0.4,0.6,0.6,0.6,0.44,0.36,0.18,0.3,0.18,0.3,0.2,0,0.24,1.3,0,,,
4438,5.365,4.56,6.2,7.2,3.5,,,,,,,,,,,,,,
4526,0.680,0,0.5,0.8,1,1.1,1,1.2,1.2,1,0.75,2,1.5,2,1.75,1.5,0.8,0.75,0.5
4532,1.826,1.75,2.28,1.6,2,1.5,1.5,1.2,0.6,0,0,0.3,0.3,0.6,0.6,0.47,0.4,0.25,0
4536,4.700,3,6,5,4.5,5,3,3,,,,,,,,,,,
4540,0.400,1.2,0.3,0,0.5,0,0,,,,,,,,,,,,
4545,3.450,0.5,2.25,5.5,6.2,2.8,0.27,,,,,,,,,,,,
4551,3.610,6.35,4.6,3.25,3.85,0,,,,,,,,,,,,,
4552,5.000,5,8,2,,,,,,,,,,,,,,,
4555,2.650,2,2,3.1,3.5,,,,,,,,,,,,,,
4557,4.145,5,5,5.58,1,,,,,,,,,,,,,,
4560,1.360,2.48,1.6,0,,,,,,,,,,,,,,,
4562,1.500,2,1.5,1,,,,,,,,,,,,,,,
4566,1.695,2.39,1,,,,,,,,,,,,,,,,
4720,0.540,0.2,0.6,1,0.3,0.6,0.7,0.25,0.2,0.25,0,0.5,0.3,0,0.3,0.5,0.7,0.7,1
4722,1.900,1.5,2.5,2.8,1.5,1.2,1.5,1,0.79,0.2,0.3,0.5,0.5,0.8,0.49,1,1,1,0.8
4725,0.000,0,0,0,0,0,0.4,6.35,8.31,1.02,0.31,6.5,1.5,0,,,,,
4737,2.600,4.14,4.14,2,0.94,1.78,0.8,3.6,3,3.2,0.3,,,,,,,,
4739,1.758,3.01,2.7,1.56,1.02,0.5,0.3,1.2,1,0.5,0.5,,,,,,,,
4746,1.768,2,2.88,1.98,1.98,0,0,3.5,3.5,3.5,3.5,,,,,,,,
4755,1.316,2.6,1.6,1,0.7,0.68,0.65,,,,,,,,,,,,
4763,3.750,5,5,5,0,,,,,,,,,,,,,,
4764,2.450,2.7,2.2,,,,,,,,,,,,,,,,
4807,3.660,3,3,4.98,,,,,,,,,,,,,,,
4904,3.750,3.75,3.75,3.75,3.75,3.75,3.5,3,2.5,2.8,2.8,3.1,3.1,3.1,3,1.4,1.3,1,0
4906,1.090,0.99,1.46,0.6,0.5,1.9,2.4,0.3,0.88,1.88,3.64,3.19,2.46,1.2,2.85,1.91,2,0.5,0
4912,4.000,2.5,4,6,4.5,3,5,2,1,0,,,,,,,,,
4915,2.080,3.2,2.5,2.1,1.8,0.8,1.5,0.5,1,0,,,,,,,,,
4916,1.198,0.99,1,0.5,1.5,2,3,5,4,0,,,,,,,,,
4919,1.820,2.5,2.4,1.8,1.2,1.2,1.7,1.7,3,1.7,,,,,,,,,
4927,1.522,0,0.78,2.5,2.5,1.83,2.92,2.5,1.35,0,,,,,,,,,
4930,0.860,0,0.3,0,4,0,0,0.2,1.2,0,,,,,,,,,
4934,0.294,0,0,0.53,0.44,0.5,0,0,0.45,0,,,,,,,,,
4935,2.100,1,3,3.5,2,1,1.2,2.5,0,,,,,,,,,,
4938,4.154,4,4.93,5.03,4.04,2.77,1.48,0,1.45,1.75,,,,,,,,,
4942,1.420,1.2,1.5,1.26,1.5,1.64,2,2.25,2.26,2.25,,,,,,,,,
4943,1.700,5,1.5,1,0.5,0.5,0.5,1,2,,,,,,,,,,
4952,3.000,3,3.5,3.2,2.8,2.5,1,1.5,3,,,,,,,,,,
4956,0.300,0.5,0,0,0.5,0.5,0.6,0.6,0.79,,,,,,,,,,
4958,3.334,3.3,2.2,4.5,3.67,3,2,1,0,,,,,,,,,,
4960,0.700,0,0,0.5,2.5,0.5,1.75,1.8,1.5,,,,,,,,,,
4968,0.552,0.63,1.68,0.45,0,0,0,0,0,,,,,,,,,,
4976,0.124,0,0,0,0.31,0.31,1.82,1.3,0,,,,,,,,,,
4977,4.348,4.64,4.8,4,4.5,3.8,1.7,,,,,,,,,,,,
4984,2.310,0,4.46,3.44,2.4,1.25,1.5,2.5,0,,,,,,,,,,
4989,0.800,3.2,0,,0,0,0,0,0,,,,,,,,,,
4994,0.450,0,0,0.25,1,1,1,1.5,0.4,,,,,,,,,,
4999,3.220,3,3.1,3,4,3,2,2,2,,,,,,,,,,
5007,2.400,3,2.5,2,2.5,2,2,3.22,1.94,0.96,1.24,2.22,2.12,1.52,2,1,0.6,0,0
5203,4.274,1.69,1.7,4,6.98,7,7,7,6.99,6.4,7.49,7.49,6.48,4.99,2.98,2.18,1.7,0,0
5215,2.200,1,3,3,3,1,1.5,3,3,,,,,,,,,,
5225,2.966,0.7,1.12,3.01,5,5,5,0.71,,,,,,,,,,,
5234,2.740,3.5,3,2,2.2,3,3,2,1.5,,,,,,,,,,
5243,1.754,2,1.5,1.2,2.57,1.5,0,,,,,,,,,,,,
5258,0.780,0.4,2,0.5,0.5,0.5,0.8,1,1,,,,,,,,,,
5259,0.000,0,0,0,0,0,0.2,0.2,,,,,,,,,,,
5264,6.140,2.5,4,8,7.2,9,1,0,,,,,,,,,,,
5269,3.550,6,4.5,3,3,1.25,2.5,0.2,,,,,,,,,,,
5284,2.642,3.17,2.56,3.08,2.4,2,0,,,,,,,,,,,,
5285,1.902,3.16,1.55,1.8,1.5,1.5,1,1,,,,,,,,,,,
5288,3.902,4,4,5.01,3.5,3,,,,,,,,,,,,,
5305,1.060,1.6,1.2,1.2,1,0.3,0.3,0.4,0.7,0,0.6,1.7,1.8,1.4,1.4,0.73,0.5,0,0.3
5388,3.502,3.75,4.2,3.85,2.99,2.72,2.73,2.4,1.47,1,1.5,2,0.99,1.07,0.74,0.81,0.56,0,0
5434,4.080,4.2,5,3.9,3.7,3.6,3.58,4.3,2.8,1.5,1.3,3,2.3,2.5,2.72,3,3,1.8,2
5469,0.440,0.8,0.6,0.2,0.6,0,0.4,0.48,0,1.2,0.79,0.6,0.7,0.7,1.34,0.95,0.6,0.6,0.3
5471,2.380,1.5,1.8,2.2,3.2,3.2,3,3.2,4.2,4,2.99,3.78,3.7,3,2,2.01,2,2,1.5
5484,0.000,0,0,0,0,0,0,0,0,1.6,1.2,2.4,1.1,1.6,1.5,0.4,0.4,0.2,0.2
5515,0.606,0.5,0.5,0.51,0.52,1,1,0.5,0.75,0.3,0.3,0.3,0.3,0.7,0.5,0,0,0.25,0
5519,0.620,0.4,0.5,0.6,0.6,1,1.08,1.21,1.06,0.53,0.64,0.47,1.75,3.07,0.92,0.14,0.1,0.26,0.5
5521,0.210,0.6,0.2,0,0,0.25,0.3,0.5,0.3,0,0,0.1,0.2,0,0,0,0,0,0
5522,3.020,2.5,3.8,3.5,3.8,1.5,3.5,4.8,6,6,2.5,4,3,0.94,1,0.6,0,1,2.5
5525,1.180,1.2,0.3,1.5,1.2,1.7,0.8,0.4,0.6,0.5,0.3,0.3,1.5,1.5,2,0.2,0.6,0.6,0.6
5531,0.000,0,0,0,0,0,0,0,0,0,0,2,0,0,0,0,0,0,0
5533,0.590,0.7,0.65,0.5,0.6,0.5,0.5,0.5,0.6,0.6,0.5,0.8,0.8,0.8,0.5,0.3,0.7,1.8,1
5534,5.106,6.2,6,2.83,4,6.5,9.97,5.5,6.2,4,3.7,4.8,4,2.07,1.5,0.7,1,0.5,0.5
5538,1.790,2.5,2,1,2.2,1.25,3,,,,,,,,,,,,
5607,0.040,0.2,0,0,0,0,0,0,0,0,0,0,0,0.3,0,1,1,2,1.5
5608,0.302,0,0,0,0.51,1,1,1.5,3,4,5,5,3.55,2.5,2,0.47,0.1,0,0.2
5706,2.464,3,2,2.82,1.5,3,3,3,0.5,2.28,1.15,1.5,0.86,1,1,0,0.52,0.35,0
5871,3.020,3.8,3.4,3.1,2.8,2,2,2.3,1.19,,,,,,,,,,
5880,0.560,0.75,0.75,0.3,0.5,0.5,0.4,0.5,,,,,,,,,,,
5903,4.960,5.5,5.2,4.6,5,4.5,3.1,3.6,3.4,2.6,2.5,2.3,2.2,2.2,2,1.5,0.7,0.2,0
5906,0.000,0,0,0,0,0,0,0.24,0.55,,,,,,,,,,
5907,1.738,1.2,0.97,0.52,3,3,3,0.46,,,,,,,,,,,
6005,0.422,0.2,0.37,0.49,0.6,0.45,0.15,0.25,0.3,0.1,0,0.2,0.2,0.04,1.01,0.45,0.5,0.1,0.3
6023,3.152,2,2.47,2.28,6.94,2.07,1.79,2.4,1.58,1.83,3,1.15,0.81,1.1,1.2,2.05,1.64,,
6024,2.108,2.87,2.21,2.47,1.5,1.49,0.89,2.3,0.1,0.5,1,2.06,1.45,1.28,1.93,0.88,1,1.79,0.7
6108,1.070,1.35,2,0,1.1,0.9,1.4,1.2,2,2.8,0.93,1,0.5,1,1.02,0.51,0.2,0.2,0
6112,1.700,1.5,1.5,1.5,2,2,2.5,2,1.5,1.2,1.2,1,0.9,0.1,0.25,0.25,0.5,0.75,0.6
6115,3.484,3,4,3.49,3.49,3.44,3.14,3.5,3.5,4.5,2.46,3,2.47,0.97,1.18,1,1.49,1,0.6
6116,0.230,0.5,0.5,0,0,0.15,0,0,0,0,0,0.75,0,0,0,0,0,0,0
6117,0.350,1.2,0,0,0.3,0.25,0.2,0.4,0.3,0.2,0.5,0.3,0.5,0.31,0.25,0.4,0.8,1.5,1
6120,0.338,0.4,0.28,0.21,0.8,0,0.21,0.49,1.65,0.99,0,0.18,1,1.2,0.99,0.17,0.2,0,0
6128,2.270,0.5,2.8,3,2.8,2.25,1.7,2.5,2.75,3.2,1.7,1.25,2.3,0.56,1.4,1.5,1.6,0.27,0
6131,0.066,0.01,0,0,0,0.32,0.6,0.4,0.42,1.2,1,2,2.5,2.5,2.49,1.75,0.5,0,0
6133,0.308,0.25,0.2,0.4,0.39,0.3,0,0,0,0,0.3,1.1,1.3,0.77,0.76,1,0.8,0,0.5
6136,2.102,1.8,2,2.1,2.31,2.3,2.5,3,3.4,2.35,2.3,1.82,2.14,0,1.89,1.75,2.4,0,0
6139,1.222,1.5,1.43,0.88,0.8,1.5,2,3,3,1,2.5,4,3.5,4.38,3.88,2,2.5,2,2
6141,0.440,0.5,0.3,0.3,0.3,0.8,0.5,0.8,1,0.8,1.08,2.1,1.53,0.21,0.8,0,0.3,0.2,0.2
6142,0.192,0,0.56,0,0,0.4,0.55,0,0.1,0.12,0.1,0.2,1,2.73,0.2,2,0.8,0.6,0
6145,0.100,0,0,0.3,0.2,0,0,0,0,0.47,0,0,0.55,0.32,0,0,2.36,0.45,0
6152,0.300,0,0,0,0,1.5,1.5,1.51,1.81,1.19,0.99,1,0,0,0.99,0.49,0,0.5,0
6153,0.666,0.2,0.5,1,0.63,1,1.5,2,2,1.09,0,0.6,1,1.2,1.84,0.61,0,1,1
6155,1.040,0.45,0.85,1.1,1.2,1.6,1.15,1.01,1.26,2.2,1.5,2.36,2.2,1.49,0.5,0.5,0.5,0,1
6164,0.728,0.4,0.85,0.54,0.85,1,0.3,0.5,0.49,0.5,0.85,0.4,0.79,0.58,0.4,0.27,0.3,0.2,0
6165,0.000,0,0,0,0,0,0,0,0,0.05,0,0,0.65,0.65,0.21,1.2,1.3,0.6,1
6166,1.820,1.5,1.8,2.4,1.9,1.5,1,1,2.5,1.2,1,2,1.95,0.99,1.12,0.5,0.48,0,0
6168,0.502,1,0,0,1.4,0.11,0,0.15,0.8,0.68,0.6,1,0.5,0.29,1,1.49,0.2,0.17,0
6172,0.000,0,0,0,0,0,0,0,0,0,0,0,0,0.6,0.5,1.2,0,0,0
6176,5.260,4.8,4.5,4.5,5.5,7,8,6.5,3.8,2.3,1.7,3,2.5,4,3.3,1.5,1,0.5,0
6177,2.678,4.42,1.99,2.98,4,0,0,1,0.51,0,0,0,0,0,0,0.41,0.44,0,0
6183,1.218,1.5,1.22,1.2,1.1,1.07,1.01,1.01,1.01,0.74,0.78,0.68,0.75,0.5,0.57,0.8,0.8,0.9,0.25
6184,1.598,2.5,0.5,0.5,1.99,2.5,2,2.8,2.5,3.5,3,3.3,3,3,3,1.5,2.8,2,0
6189,2.660,1.8,2.3,3,3.2,3,2.2,2.2,2,2,1.6,2.5,1.4,2,1.5,1.4,1,0,0
6191,0.200,0.6,0.4,0,0,0,0,0.62,0.23,0.6,0,1.51,2.5,2,1,0,0,0,0
6192,2.860,3.3,2,3,3,3,3.5,3,3,3,1.5,3.5,3,2,2,2.44,1.24,0.5,0
6196,1.930,2.48,2.07,2,2,1.1,1,1,0.99,0.3,0,0.5,1.5,1,2,2.03,1.5,0,1
6197,1.662,1.68,1.2,2,2.23,1.2,0.8,0,0,0.3,0,1.5,3,0.5,1.47,3,2,2,3
6201,2.180,2.1,3,2,1.8,2,1.8,2.1,2,2,2,2.8,2.1,2.5,1.5,3.5,3,2,0.5
6202,3.594,4.1,3.5,3.57,3.5,3.3,2.5,2.3,3.16,2.5,2.41,3,3.69,3.32,2.51,1.51,1.06,0.35,1.8
6205,1.780,1.2,2,2,2.2,1.5,1.2,0.39,0.6,1.5,0.8,3.52,2,1,1.76,0.8,0.5,0.5,0
6206,5.490,4.5,5,6,5.95,6,3.35,3.5,4.5,4,4,5,3.5,2.5,2.45,1.5,1.5,0,0
6209,0.220,0,0.5,0,0,0.6,1.6,1.2,1,0,0,1.1,2.4,3,1.3,1,1,0.5,0
6213,2.124,3.1,2.5,1.6,1.22,2.2,2.5,1.5,2.04,1.5,1.03,2.51,1.32,0.51,0.57,0.1,0.2,0,0
6214,4.596,5,5,5,4.98,3,2,2,2.06,2,0,1,1,2,0.75,2,1,1,0
6215,0.590,0.6,0.5,0.25,1,0.6,0,0.4,1.8,0,0.75,1.25,0.8,0.41,0.99,0.28,0.4,0,1
6216,2.204,2.06,2.64,2.58,2.12,1.62,1.35,2.24,1.18,1.55,1.6,3.35,0.99,1.03,2.5,4,1.5,0,0
6224,4.030,3,4.55,4.3,4.2,4.1,4.1,3.91,3.48,2.49,2.05,2.16,1.68,1.61,1.95,1.5,0.5,0,0
6225,0.000,0,0,0,0,0,0,0,0,0,0,0.25,0,0,0,2.6,0.42,0.2,0
6226,0.084,0.12,0.1,0,0.1,0.1,0,0,0,0,0,0.25,0.16,0,0,0,0.3,0,0
6230,4.830,3.95,7.5,5.5,4,3.2,3,1.5,2.5,2.5,2.2,1,1.1,1,1.75,1.58,0.54,1,
6235,0.458,0.3,1.99,0,0,0,0,0,0,0,0,0,0.3,0.8,2,1.4,0.5,0,0
6239,3.400,4.5,4,3.5,3,2,3,2.05,4,3.5,3,4,3.5,3,2.5,1,0,0,0
6243,0.000,0,0,0,0,0,0,0,1.65,1.65,0.77,3.81,2.49,1.55,0.12,0.83,0,0,
6251,0.000,0,0,0,0,0,0,0.25,0.1,2,2,2,2,1,0,0,0,0,
6257,1.786,1.76,1.65,1.6,2.12,1.8,2.1,1.62,2.27,1.2,0.5,1.08,1.44,0.51,1.1,0.81,0.5,0,0
6269,3.708,5.02,4.46,4.49,2.07,2.5,1.99,1.96,1.76,1.53,0.8,0,0,0,1.2,0.3,0,0,
6271,6.182,6,5.91,6,6,7,5,3.94,4,3,2.5,3.5,1.5,0.5,0.25,0.5,0.5,0.5,0
6277,5.440,5.5,5.8,5.2,5.7,5,3.3,3.5,4.1,3,2.5,4.52,5.5,4.4,5.5,5.5,4.5,3.5,4
6278,1.420,1.3,1,1.5,1.5,1.8,1.5,2,2.8,2.5,1.5,2,2,1.5,0.5,0.9,0,0,0
6281,3.880,4,4.3,3.7,3.9,3.5,4.9,4,3.48,3.56,3.2,3.4,3.2,2.91,2.32,2,0,0,
6282,1.436,0.9,1.4,1.5,1.58,1.8,1.5,0.7,1.3,1.65,1.5,1,0,0.6,1.92,2,0.75,0,
6283,0.100,0,0.5,0,0,0,0,0,0,0,0,0.51,0.75,0,1.13,1.5,1,1,0
6285,3.354,3.7,3.67,3.7,2.7,3,2.2,3.5,3.5,1.79,1,2,2.99,1.5,0.98,3.44,4,1,0
6288,0.250,0.35,0.5,0.2,0,0.2,0,0.12,0.08,,,,,,,,,,
6289,0.000,0,0,0,0,0,0,0,0,0,0,0,0.68,0.42,1.48,1.9,0.5,0,
6405,1.140,0.5,0.2,0,2,3,1.5,,,,,,,,,,,,
6409,14.620,20,20,15,10.8,7.3,7,,,,,,,,,,,,
6412,2.496,3.1,2.75,2.35,2.33,1.95,1.95,,,,,,,,,,,,
6414,7.764,8.88,10.12,8.82,6,5,1.74,,,,,,,,,,,,
6415,3.972,5.98,4.92,2.01,3.97,2.98,0,,,,,,,,,,,,
6416,3.626,3.53,5,4.6,3,2,2,,,,,,,,,,,,
6422,3.102,3.5,4.01,3.5,3,1.5,,,,,,,,,,,,,
6431,1.000,0,0,0,2.5,2.5,,,,,,,,,,,,,
6442,2.260,2,3.3,3,2,1,,,,,,,,,,,,,
6443,0.000,0,0,0,0,0,,,,,,,,,,,,,
6449,1.530,1.85,1.8,1.6,1.6,0.8,,,,,,,,,,,,,
6451,4.628,0.94,5.4,6,7.5,3.3,,,,,,,,,,,,,
6452,8.250,8,7.65,9.2,8.15,,,,,,,,,,,,,,
6456,4.500,9,4,3,2,,,,,,,,,,,,,,
6464,5.364,5,2,6.6,7,6.22,,,,,,,,,,,,,
6477,0.314,0.42,0.2,0.35,0.6,0,,,,,,,,,,,,,
6504,3.640,4.5,4.8,3.9,2.8,2.2,1.33,0.3,0.15,0.5,0.6,1.5,0.5,1,2,0.8,0.7,0.2,0.2
6505,3.930,6.3,6,4,0.85,2.5,0.26,2,3.9,3.8,1.2,6.7,4.4,4.7,3.61,1.8,1.2,0,0
6525,3.367,3,3.8,3.3,,,,,,,,,,,,,,,
6531,4.392,1.49,2,4.49,5.98,8,,,,,,,,,,,,,
6533,0.000,0,0,0,0,,,,,,,,,,,,,,
6541,0.000,0,0,0,,,,,,,,,,,,,,,
6552,0.338,0.3,0.75,0.3,0,,,,,,,,,,,,,,
6573,1.000,1,1,,,,,,,,,,,,,,,,
6579,4.007,4.75,4.27,3,,,,,,,,,,,,,,,
6581,4.375,5.35,3.4,,,,,,,,,,,,,,,,
6582,3.703,3.49,3.62,4,,,,,,,,,,,,,,,
6591,1.750,2,1.5,,,,,,,,,,,,,,,,
6605,3.300,2.5,3,2.5,4.5,4,3,1,4,3.8,3.6,5.82,5.48,6,5.96,4,2.5,0.5,0.3
6625,0.315,0.5,0.13,,,,,,,,,,,,,,,,
8011,0.548,0,0.54,0,1.02,1.18,1.2,1,2.5,2,0,0,,,,0,0,0.09,0
8016,4.800,5.5,6,5,4.5,3,2.5,2,2.3,2,1,4.49,3.99,3.47,2.47,2,0,0,
8021,0.938,0.4,0.91,1.36,1.22,0.8,0.71,0.72,0.75,0.3,0.09,2.79,2.46,1.28,0.25,0.35,0,0,0
8028,1.400,1.6,1.5,1.5,1,,,,,,,,,,,,,,
8033,0.000,0,0,0,0,0,0,0,0,0,0.2,1.3,1.5,2.4,1.3,1,0.6,0.2,0.3
8039,2.400,2.5,2,2,3,2.5,1.5,1.8,2.35,1.21,1.2,0.35,0.74,2,1,1,0,0,0
8046,0.720,0.5,0.8,1,1.3,0,0,2,0.38,5.4,7.1,12.54,15.19,6,0.7,0.1,0,0.45,1.65
8070,6.920,11,10,7,3.5,3.1,3,0.6,9.7,6,2,6.3,6.24,6.46,7.49,4.5,4,2,4
8072,4.686,0.5,0.5,1,1.43,20,7,7,7,6,6,5.8,9.2,5.52,4.52,3.79,1,1.5,0.78
8081,5.230,4.5,5,5,6,5.65,7.1,7,9,7.32,6.3,7.47,5.5,5,1.25,0.28,0,,
8101,0.000,0,0,0,0,0,0,0.3,0,0,0,0,0.5,0,1,0,0,,0
8103,1.564,1,1.8,0.3,2.93,1.79,2.87,3.25,3.49,2,1.99,2.57,2.17,2,1.63,2,1,0,
8105,0.100,0.2,0.2,0.1,0,0,0,0,0,0,0,1.39,0.99,1,0,0,0,0,
8110,0.358,0.85,0.25,0.21,0.35,0.13,0,0,0.46,0.12,0,0.29,0.87,0,0,0,0,,0
8112,1.598,2.8,2.48,0.94,1.1,0.67,0.4,1.19,1.46,1.07,0,0.51,0.26,0.71,0.99,0.8,0,0,
8114,7.238,6.2,7.94,7.75,7.5,6.8,5,4.3,4.23,1.9,4.2,7.01,6.7,5,3.5,1,2,,
8131,1.660,2.5,2,2,1.4,0.4,1,1.6,2.5,0.9,1,3.2,2,0.2,,,,,
8150,1.362,0.3,1,2.09,2.22,1.2,0.5,0,0,0,0,,,,,,,,
8163,1.300,2,2,2,0.3,0.2,0.6,0.5,1.5,1.2,1.5,2.5,1.73,0.5,0,,,0,0
8201,0.000,0,0,0,0,0,0,0.5,0.2,0.8,0.25,3.3,2.5,3.2,0.8,0.2,0.3,0.4,0.2
8210,2.820,3,3,2.6,3,2.5,2.5,2.5,2.5,2.5,0.5,0.5,0.5,0.5,0.5,0.5,1,0,0.8
8213,2.302,1.51,1.5,2,3.5,3,3,0.7,1.8,1.5,0.49,0.69,0.5,0.5,0.5,0,,0,
8215,0.740,0.9,0,1.2,1.3,0.3,0,0,0.06,0,0,0.4,0.1,0,0,1,0,0,
8222,0.580,0.3,0.8,0.8,0.5,0.5,0.5,0.3,0.4,0.3,0,,,,,,,,
8249,1.620,1.6,1.6,1.8,1.9,1.2,0.9,0.8,1.7,1,0.2,2.6,3.17,1,2.2,2,0,0,
8261,0.510,0.45,0.7,1,0.4,0,0,0,0.7,1,0.5,0.71,0.54,0.6,0.6,0,0,,
8271,2.242,2.6,2.4,2.01,2.2,2,1.62,1.44,1.28,0.6,0,0,1.3,0,0.8,0.8,0,0,0
8341,3.640,6,4.5,3.5,2.2,2,0.8,0.8,0.7,0.35,,,,,,,,,
8374,0.180,0.5,0.1,0,0,0.3,0.3,2,0.5,2,1,0.92,1.5,1.5,1.5,1.4,1,1,
8404,0.600,0.3,0.2,0.3,1.2,1,0.52,0.2,0,0,,,,,,,,,
8411,0.438,0.35,0.35,0.3,0.84,0.35,0.35,1,1,0.5,,,,,,,,,
8422,9.700,11,11.5,10,8,8,12.03,10.88,4.66,,,,,,,,,,
8427,2.270,0.35,4,3.6,1.5,1.9,3.5,3,6,,,,,,,,,,
8429,1.176,0.13,0.7,0.4,0.7,3.95,4.3,4.34,,,,,,,,,,,
8442,1.733,0,2.2,3,,,,,,,,,,,,,,,
8443,1.062,0.28,0.3,1.5,1.73,1.5,3,0.57,,,,,,,,,,,
8454,6.996,8,8,7,8.48,3.5,3.92,4.39,8.12,5.08,,,,,,,,,
8463,1.273,0.83,1.1,1,2.16,,,,,,,,,,,,,,
8464,7.020,10,10,8.08,0,,,,,,,,,,,,,,
8466,6.400,6,7,6.2,,,,,,,,,,,,,,,
8467,1.728,1.5,1.54,2.07,1.8,,,,,,,,,,,,,,
8473,3.200,3,3.2,3,3.6,,,,,,,,,,,,,,
8478,0.780,2.07,0.65,0.21,0.19,,,,,,,,,,,,,,
8480,4.050,4,6,2.15,,,,,,,,,,,,,,,
8481,2.933,3,2.2,3.6,,,,,,,,,,,,,,,
8482,6.990,6.99,,,,,,,,,,,,,,,,,
8488,1.233,1.2,2,0.5,,,,,,,,,,,,,,,
8497,2.300,3,2.9,1,,,,,,,,,,,,,,,
8499,4.275,5.05,3.5,,,,,,,,,,,,,,,,
8926,1.320,1.3,1.2,1.3,1.6,1.2,1.2,1.5,0.7,1,1.2,0.4,0.49,0.99,1.29,0.2,1,0.4,0.3
8940,0.000,0,0,0,0,0,1,2,0.85,0.1,1.1,0,1.1,1.5,1,1,1.4,0.5,1.5
8996,1.580,1,3,1.5,1.2,1.2,1,1,0.5,0,0.44,1,1.5,1,1.1,0.2,0,0,0.8
9802,2.752,4.11,3.19,1.99,2.47,2,2,0.6,,,,,,,,,,,
9902,0.040,0,0,0.2,0,0,0,0,0,0,0,0,0,0,0,0,0,0,0
9904,1.500,2,1.5,1.5,1.5,1,1.5,1.3,1.2,1.5,0.5,1,1.79,1.5,1,1.01,0.5,0,0
9905,1.740,1.7,1.5,1.5,2,2,2,1.8,1.5,1,0.9,1,1,1,1,1.5,1,1,1
9906,0.000,0,0,0,0,0,0,0,0,0,0,0,0,0,0,0,0,0,0
9907,0.460,0.5,0.38,0.32,0.45,0.65,0.15,0.55,0.8,0.7,0.65,0.8,0.55,0.12,0.4,0.3,0,0,0.2
9908,1.020,1.1,1,1,1,1,1,1,1,0.8,0.8,0.8,1,0.78,0.75,0.7,0.45,0.4,0.1
9910,4.440,5,5.2,5,3.7,3.3,2.2,1.8,1.8,1.8,1.2,2,1.4,1.8,1.8,1.6,2.2,1,0.8
9911,1.780,2.6,2.5,1.3,1.3,1.2,0.7,0.7,0.7,0.4,0.1,0.2,0,0.1,0.25,0,0,0,0
9912,0.400,0,0,0,1,1,4.5,0,0,0,0,0,0,0,0,0,0,0,0
9914,4.860,2,4,5.5,6.8,6,5.5,3,3.3,3,2,2.8,1.8,1.7,0.6,0.5,0.28,0,0.2
9917,3.800,4,3.5,4,4,3.5,3.4,3.3,3.1,3,3,3.5,3,2.5,2.2,2,1.6,1.5,1
9918,1.170,1.2,1.15,1.2,1.1,1.2,1.2,1.2,1.4,0.7,1,1.3,1.3,0.55,1.1,1.13,1,0.93,1
9919,0.300,0.35,0.2,0.3,0.35,0.3,0.3,0.3,0.6,0.85,0.45,0.65,0.5,0.65,0.65,0.5,0.35,0.35,0.4
9921,5.460,3.5,5,6.2,6.6,6,5.5,5.5,5,4.5,2,3,3,3,3,3,2,1,0.7
9924,2.320,2,2.8,2.8,2,2,1.5,1.2,1.2,1.5,0.7,1.5,2.5,4,1.2,1.75,1.36,2,0.8
9925,1.940,2,2,2,1.9,1.8,1.8,1.7,1.7,1.6,1,1.8,1.6,1.3,1,1,0.5,0.5,0.5
9926,1.380,1.6,1.6,1.3,1.2,1.2,1.2,1.2,1.3,1.2,1.1,1,0.9,0.8,0.9,0.7,0.6,0.5,0.3
9927,2.400,3,2.5,2,2.5,2,2.2,1.6,2.29,3.5,0,6.6,2.5,2.5,3.5,1,0.5,0.5,0.5
9928,0.000,0,0,0,0,0,0,0,0,0,0,0,0,0,0,0,0,0,0.5
9929,0.000,0,0,0,0,0,0,0,0,0,0,0,0,0,0,0,0,0.3,0
9930,2.960,1,2.8,3.5,4.2,3.3,2.8,3,2.5,2.8,2.7,2.4,2.47,2.69,2,1.38,1,0.85,0.5
9931,1.100,1.2,1.2,1,1.3,0.8,1.7,0.5,1.6,1.6,0.3,0.9,0.8,0.7,0.7,0.45,0.3,0.3,0.3
9933,2.490,3.23,2.6,2.4,2.23,1.99,2.84,2.76,2.42,2.37,1.92,1.74,1.32,1,0.7,1.12,1,1.18,0.36
9934,0.886,1.5,0.98,1.2,0.5,0.25,0,1.1,0.69,0.98,0.5,1.51,1.39,1.02,1.9,0.4,0.31,0.5,0.5
9935,0.000,0,0,0,0,0,0,0,0,0,0,0.09,0.05,0.05,0.2,0.75,0.35,0.3,0.2
9937,1.560,2,2,1.4,1.2,1.2,1.3,3,4,1.6,1,1.6,1.8,1.1,1.3,0.75,1.6,0.75,0.35
9938,2.300,3,3,2,2,1.5,1,0.3,3,0.5,0.5,0.8,0.8,0.4,0.36,0.18,0.48,0.3,0.5
9939,2.340,2.5,2.5,2,2.2,2.5,3,3,3,2.5,2,0.8,1,0.8,1.2,1.49,1.47,0.75,1.25
9940,1.560,2.5,1,0.7,1,2.6,1.5,2,3,2.6,1.79,1.79,2.99,3,2.3,2,2.23,1.27,0.68
9941,5.074,5.9,4.81,4.72,5.1,4.84,2.95,2,2.8,2.7,1.7,1.7,1.5,2.3,2.7,2,2,2,1.8
9942,4.240,4.2,4,4,4,5,3.2,3.2,3.2,2.8,2.8,2.78,2.2,2,1.97,1.5,1.5,1.5,1.5
9943,4.000,4,4,4,4,4,3,3,1.5,0,1,0.5,0.5,0.5,0.5,1,1.2,2,0.5
9944,0.334,0.3,0.3,0.3,0.39,0.38,0.2,0.2,0.5,0.2,0.2,4,0.7,0.5,0.6,0.6,0.75,0.5,0.2
9945,2.080,2,0,0,4,4.4,2.91,1.8,1,0.95,0.4,1.3,1.9,0.8,0,0,0,0,0
9946,0.922,0.6,0.5,1,0,2.51,2.08,0,0,0,0,0,0,0,0.9,0.7,0.6,0.6,1
9955,0.000,0,0,0,0,0,0.3,0,1.74,2,1.3,1.6,0.7,0,0,0,0,0,1.5
9958,0.380,0.3,0.3,0.4,0.1,0.8,0.25,0,0.2,0.1,0,0.2,0.5,0.75,1.5,0,0,,0
